,ISBN,Book-Title,Book-Author,Year-Of-Publication,Publisher,Image-URL-L,Price
0,0195153448,Classical Mythology,Mark P. O. Morford,2002,Oxford University Press,http://images.amazon.com/images/P/0195153448.01.LZZZZZZZ.jpg,46
1,0002005018,Clara Callan,Richard Bruce Wright,2001,HarperFlamingo Canada,http://images.amazon.com/images/P/0002005018.01.LZZZZZZZ.jpg,80
3,0374157065,Flu: The Story of the Great Influenza Pandemic of 1918 and the Search for the Virus That Caused It,Gina Bari Kolata,1999,Farrar Straus Giroux,http://images.amazon.com/images/P/0374157065.01.LZZZZZZZ.jpg,64
4,0393045218,The Mummies of Urumchi,E. J. W. Barber,1999,W. W. Norton &amp; Company,http://images.amazon.com/images/P/0393045218.01.LZZZZZZZ.jpg,52
6,0425176428,What If?: The World's Foremost Military Historians Imagine What Might Have Been,Robert Cowley,2000,Berkley Publishing Group,http://images.amazon.com/images/P/0425176428.01.LZZZZZZZ.jpg,95
7,0671870432,PLEADING GUILTY,Scott Turow,1993,Audioworks,http://images.amazon.com/images/P/0671870432.01.LZZZZZZZ.jpg,98
9,074322678X,Where You'll Find Me: And Other Stories,Ann Beattie,2002,Scribner,http://images.amazon.com/images/P/074322678X.01.LZZZZZZZ.jpg,63
10,0771074670,Nights Below Station Street,David Adams Richards,1988,Emblem Editions,http://images.amazon.com/images/P/0771074670.01.LZZZZZZZ.jpg,61
11,080652121X,Hitler's Secret Bankers: The Myth of Swiss Neutrality During the Holocaust,Adam Lebor,2000,Citadel Press,http://images.amazon.com/images/P/080652121X.01.LZZZZZZZ.jpg,83
12,0887841740,The Middle Stories,Sheila Heti,2004,House of Anansi Press,http://images.amazon.com/images/P/0887841740.01.LZZZZZZZ.jpg,73
13,1552041778,Jane Doe,R. J. Kaiser,1999,Mira Books,http://images.amazon.com/images/P/1552041778.01.LZZZZZZZ.jpg,40
14,1558746218,A Second Chicken Soup for the Woman's Soul (Chicken Soup for the Soul Series),Jack Canfield,1998,Health Communications,http://images.amazon.com/images/P/1558746218.01.LZZZZZZZ.jpg,84
15,1567407781,The Witchfinder (Amos Walker Mystery Series),Loren D. Estleman,1998,Brilliance Audio - Trade,http://images.amazon.com/images/P/1567407781.01.LZZZZZZZ.jpg,79
16,1575663937,More Cunning Than Man: A Social History of Rats and Man,Robert Hendrickson,1999,Kensington Publishing Corp.,http://images.amazon.com/images/P/1575663937.01.LZZZZZZZ.jpg,93
18,0440234743,The Testament,John Grisham,1999,Dell,http://images.amazon.com/images/P/0440234743.01.LZZZZZZZ.jpg,96
19,0452264464,Beloved (Plume Contemporary Fiction),Toni Morrison,1994,Plume,http://images.amazon.com/images/P/0452264464.01.LZZZZZZZ.jpg,85
20,0609804618,Our Dumb Century: The Onion Presents 100 Years of Headlines from America's Finest News Source,The Onion,1999,Three Rivers Press,http://images.amazon.com/images/P/0609804618.01.LZZZZZZZ.jpg,59
21,1841721522,New Vegetarian: Bold and Beautiful Recipes for Every Occasion,Celia Brooks Brown,2001,Ryland Peters &amp; Small Ltd,http://images.amazon.com/images/P/1841721522.01.LZZZZZZZ.jpg,79
22,1879384493,If I'd Known Then What I Know Now: Why Not Learn from the Mistakes of Others? : You Can't Afford to Make Them All Yourself,J. R. Parrish,2003,Cypress House,http://images.amazon.com/images/P/1879384493.01.LZZZZZZZ.jpg,30
23,0061076031,Mary-Kate &amp; Ashley Switching Goals (Mary-Kate and Ashley Starring in),Mary-Kate &amp; Ashley Olsen,2000,HarperEntertainment,http://images.amazon.com/images/P/0061076031.01.LZZZZZZZ.jpg,64
24,0439095026,Tell Me This Isn't Happening,Robynn Clairday,1999,Scholastic,http://images.amazon.com/images/P/0439095026.01.LZZZZZZZ.jpg,70
25,0689821166,Flood : Mississippi 1927,Kathleen Duey,1998,Aladdin,http://images.amazon.com/images/P/0689821166.01.LZZZZZZZ.jpg,41
26,0971880107,Wild Animus,Rich Shapero,2004,Too Far,http://images.amazon.com/images/P/0971880107.01.LZZZZZZZ.jpg,58
27,0345402871,Airframe,Michael Crichton,1997,Ballantine Books,http://images.amazon.com/images/P/0345402871.01.LZZZZZZZ.jpg,70
28,0345417623,Timeline,MICHAEL CRICHTON,2000,Ballantine Books,http://images.amazon.com/images/P/0345417623.01.LZZZZZZZ.jpg,63
29,0684823802,OUT OF THE SILENT PLANET,C.S. Lewis,1996,Scribner,http://images.amazon.com/images/P/0684823802.01.LZZZZZZZ.jpg,93
30,0375759778,Prague : A Novel,ARTHUR PHILLIPS,2003,Random House Trade Paperbacks,http://images.amazon.com/images/P/0375759778.01.LZZZZZZZ.jpg,72
31,0425163091,Chocolate Jesus,Stephan Jaramillo,1998,Berkley Publishing Group,http://images.amazon.com/images/P/0425163091.01.LZZZZZZZ.jpg,65
32,3404921038,Wie Barney es sieht.,Mordecai Richler,2002,LÃ?Â¼bbe,http://images.amazon.com/images/P/3404921038.01.LZZZZZZZ.jpg,80
34,3442410665,Sturmzeit. Roman.,Charlotte Link,1991,Goldmann,http://images.amazon.com/images/P/3442410665.01.LZZZZZZZ.jpg,85
35,3442446937,Tage der Unschuld.,Richard North Patterson,2000,Goldmann,http://images.amazon.com/images/P/3442446937.01.LZZZZZZZ.jpg,100
36,0375406328,Lying Awake,Mark Salzman,2000,Alfred A. Knopf,http://images.amazon.com/images/P/0375406328.01.LZZZZZZZ.jpg,78
37,0446310786,To Kill a Mockingbird,Harper Lee,1988,Little Brown &amp; Company,http://images.amazon.com/images/P/0446310786.01.LZZZZZZZ.jpg,37
38,0449005615,Seabiscuit: An American Legend,LAURA HILLENBRAND,2002,Ballantine Books,http://images.amazon.com/images/P/0449005615.01.LZZZZZZZ.jpg,49
40,038078243X,Miss Zukas and the Raven's Dance,Jo Dereske,1996,Avon,http://images.amazon.com/images/P/038078243X.01.LZZZZZZZ.jpg,95
42,067176537X,The Therapeutic Touch: How to Use Your Hands to Help or to Heal,Dolores Krieger,1979,Fireside,http://images.amazon.com/images/P/067176537X.01.LZZZZZZZ.jpg,98
43,0061099686,Downtown,Anne Rivers Siddons,1995,HarperTorch,http://images.amazon.com/images/P/0061099686.01.LZZZZZZZ.jpg,41
44,0553582909,Icebound,Dean R. Koontz,2000,Bantam Books,http://images.amazon.com/images/P/0553582909.01.LZZZZZZZ.jpg,60
45,0671888587,I'll Be Seeing You,Mary Higgins Clark,1994,Pocket,http://images.amazon.com/images/P/0671888587.01.LZZZZZZZ.jpg,88
46,0553582747,From the Corner of His Eye,Dean Koontz,2001,Bantam Books,http://images.amazon.com/images/P/0553582747.01.LZZZZZZZ.jpg,56
47,0425182908,Isle of Dogs,Patricia Cornwell,2002,Berkley Publishing Group,http://images.amazon.com/images/P/0425182908.01.LZZZZZZZ.jpg,43
48,042518630X,Purity in Death,J.D. Robb,2002,Berkley Publishing Group,http://images.amazon.com/images/P/042518630X.01.LZZZZZZZ.jpg,28
49,0440223571,This Year It Will Be Different: And Other Stories,Maeve Binchy,1997,Dell,http://images.amazon.com/images/P/0440223571.01.LZZZZZZZ.jpg,30
50,0812523873,Proxies,Laura J. Mixon,1999,Tor Books,http://images.amazon.com/images/P/0812523873.01.LZZZZZZZ.jpg,74
51,0842342702,Left Behind: A Novel of the Earth's Last Days (Left Behind #1),Tim Lahaye,2000,Tyndale House Publishers,http://images.amazon.com/images/P/0842342702.01.LZZZZZZZ.jpg,86
52,0440225701,The Street Lawyer,JOHN GRISHAM,1999,Dell,http://images.amazon.com/images/P/0440225701.01.LZZZZZZZ.jpg,32
56,0380715899,A Soldier of the Great War,Mark Helprin,1992,Avon Books,http://images.amazon.com/images/P/0380715899.01.LZZZZZZZ.jpg,84
57,0553280333,Getting Well Again,O. Carol Simonton Md,1992,Bantam,http://images.amazon.com/images/P/0553280333.01.LZZZZZZZ.jpg,32
59,0964778319,An Atmosphere of Eternity: Stories of India,David Iglehart,2002,Sunflower Press,http://images.amazon.com/images/P/0964778319.01.LZZZZZZZ.jpg,52
61,0679810307,Shabanu: Daughter of the Wind (Border Trilogy),SUZANNE FISHER STAPLES,1991,Laurel Leaf,http://images.amazon.com/images/P/0679810307.01.LZZZZZZZ.jpg,98
62,0679865691,Haveli (Laurel Leaf Books),SUZANNE FISHER STAPLES,1995,Laurel Leaf,http://images.amazon.com/images/P/0679865691.01.LZZZZZZZ.jpg,55
63,2070423204,Lieux dits,Michel Tournier,2002,Gallimard,http://images.amazon.com/images/P/2070423204.01.LZZZZZZZ.jpg,80
66,042511774X,Breathing Lessons,Anne Tyler,1994,Berkley Publishing Group,http://images.amazon.com/images/P/042511774X.01.LZZZZZZZ.jpg,81
67,0804106304,The Joy Luck Club,Amy Tan,1994,Prentice Hall (K-12),http://images.amazon.com/images/P/0804106304.01.LZZZZZZZ.jpg,53
68,1853262404,Heart of Darkness (Wordsworth Collection),Joseph Conrad,1998,NTC/Contemporary Publishing Company,http://images.amazon.com/images/P/1853262404.01.LZZZZZZZ.jpg,66
69,0312970242,The Angel Is Near,Deepak Chopra,2000,St. Martin's Press,http://images.amazon.com/images/P/0312970242.01.LZZZZZZZ.jpg,69
70,1853260053,Tess of the D'Urbervilles (Wordsworth Classics),Thomas Hardy,1997,NTC/Contemporary Publishing Company,http://images.amazon.com/images/P/1853260053.01.LZZZZZZZ.jpg,80
71,1414035004,The Adventures of Drew and Ellie: The Magical Dress,Charles Noland,2003,1stBooks Library,http://images.amazon.com/images/P/1414035004.01.LZZZZZZZ.jpg,92
72,0060938412,The Accidental Virgin,Valerie Frankel,2003,Avon Trade,http://images.amazon.com/images/P/0060938412.01.LZZZZZZZ.jpg,29
73,0140067477,The Tao of Pooh,Benjamin Hoff,1983,Penguin Books,http://images.amazon.com/images/P/0140067477.01.LZZZZZZZ.jpg,85
74,0345465083,Seabiscuit,LAURA HILLENBRAND,2003,Ballantine Books,http://images.amazon.com/images/P/0345465083.01.LZZZZZZZ.jpg,63
76,1558531025,Life's Little Instruction Book (Life's Little Instruction Books (Paperback)),H. Jackson Brown,1991,Thomas Nelson,http://images.amazon.com/images/P/1558531025.01.LZZZZZZZ.jpg,94
77,0441783589,Starship Troopers,Robert A. Heinlein,1987,Ace Books,http://images.amazon.com/images/P/0441783589.01.LZZZZZZZ.jpg,82
78,0394895894,The Ruby in the Smoke (Sally Lockhart Trilogy Book 1),PHILIP PULLMAN,1988,Laurel Leaf,http://images.amazon.com/images/P/0394895894.01.LZZZZZZZ.jpg,88
80,0375410538,Anil's Ghost,MICHAEL ONDAATJE,2000,Knopf,http://images.amazon.com/images/P/0375410538.01.LZZZZZZZ.jpg,44
81,0966986105,Prescription for Terror,Sandra Levy Ceren,1999,Andrew Scott Publishers,http://images.amazon.com/images/P/0966986105.01.LZZZZZZZ.jpg,69
82,087113375X,Modern Manners: An Etiquette Book for Rude People,P.J. O'Rourke,1990,Atlantic Monthly Press,http://images.amazon.com/images/P/087113375X.01.LZZZZZZZ.jpg,66
83,0340767936,Turning Thirty,Mike Gayle,2000,Hodder &amp; Stoughton General Division,http://images.amazon.com/images/P/0340767936.01.LZZZZZZZ.jpg,75
84,0743403843,Decipher,Stel Pavlou,2002,Simon &amp; Schuster (Trade Division),http://images.amazon.com/images/P/0743403843.01.LZZZZZZZ.jpg,71
85,0060930365,My First Cousin Once Removed: Money Madness and the Family of Robert Lowell,Sarah Payne Stuart,1999,Perennial,http://images.amazon.com/images/P/0060930365.01.LZZZZZZZ.jpg,31
87,0071416331,Team Bush : Leadership Lessons from the Bush White House,Donald F. Kettl,2003,McGraw-Hill,http://images.amazon.com/images/P/0071416331.01.LZZZZZZZ.jpg,33
88,0375509038,The Right Man : The Surprise Presidency of George W. Bush,DAVID FRUM,2003,Random House,http://images.amazon.com/images/P/0375509038.01.LZZZZZZZ.jpg,24
90,0316769487,The Catcher in the Rye,J.D. Salinger,1991,"Little Brown",http://images.amazon.com/images/P/0316769487.01.LZZZZZZZ.jpg,51
92,8445071769,El Senor De Los Anillos: Las DOS Torres (Lord of the Rings (Paperback)),J. R. R. Tolkien,2001,Minotauro,http://images.amazon.com/images/P/8445071769.01.LZZZZZZZ.jpg,34
93,8445071777,El Senor De Los Anillos: El Retorno Del Rey (Tolkien J. R. R. Lord of the Rings. 3.),J. R. R. Tolkien,2001,Distribooks,http://images.amazon.com/images/P/8445071777.01.LZZZZZZZ.jpg,74
94,0679429220,Midnight in the Garden of Good and Evil: A Savannah Story,John Berendt,1994,Random House,http://images.amazon.com/images/P/0679429220.01.LZZZZZZZ.jpg,27
95,0671867156,Pretend You Don't See Her,Mary Higgins Clark,1998,Pocket,http://images.amazon.com/images/P/0671867156.01.LZZZZZZZ.jpg,47
96,0312252617,Fast Women,Jennifer Crusie,2001,St. Martin's Press,http://images.amazon.com/images/P/0312252617.01.LZZZZZZZ.jpg,84
97,0312261594,Female Intelligence,Jane Heller,2001,St. Martin's Press,http://images.amazon.com/images/P/0312261594.01.LZZZZZZZ.jpg,39
98,0316748641,Pasquale's Nose: Idle Days in an Italian Town,Michael Rips,2002,Back Bay Books,http://images.amazon.com/images/P/0316748641.01.LZZZZZZZ.jpg,65
99,0316973742,The Gospel of Judas: A Novel,Simon Mawer,2002,Back Bay Books,http://images.amazon.com/images/P/0316973742.01.LZZZZZZZ.jpg,34
101,0446677450,Rich Dad Poor Dad: What the Rich Teach Their Kids About Money--That the Poor and Middle Class Do Not!,Robert T. Kiyosaki,2000,Warner Books,http://images.amazon.com/images/P/0446677450.01.LZZZZZZZ.jpg,24
102,0451166892,The Pillars of the Earth,Ken Follett,1996,Signet Book,http://images.amazon.com/images/P/0451166892.01.LZZZZZZZ.jpg,76
103,0553347594,McDonald's: Behind the Arches,John F. Love,1995,Bantam,http://images.amazon.com/images/P/0553347594.01.LZZZZZZZ.jpg,53
104,0671621009,Creating Wealth : Retire in Ten Years Using Allen's Seven Principles of Wealth!,Robert G. Allen,1986,Fireside,http://images.amazon.com/images/P/0671621009.01.LZZZZZZZ.jpg,57
105,067976397X,Corelli's Mandolin : A Novel,LOUIS DE BERNIERES,1995,Vintage,http://images.amazon.com/images/P/067976397X.01.LZZZZZZZ.jpg,38
106,0684822733,Love Miracles and Animal Healing : A heartwarming look at the spiritual bond between animals and humans,Pam Proctor,1996,Fireside,http://images.amazon.com/images/P/0684822733.01.LZZZZZZZ.jpg,26
107,0786868716,The Five People You Meet in Heaven,Mitch Albom,2003,Hyperion,http://images.amazon.com/images/P/0786868716.01.LZZZZZZZ.jpg,70
108,8472238822,Tu Nombre Escrito En El Agua (La Sonrisa Vertical),Irene Gonzalez Frei,2002,Tusquets,http://images.amazon.com/images/P/8472238822.01.LZZZZZZZ.jpg,94
109,0671864769,Relics (Star Trek: The Next Generation),Michael Jan Friedman,1992,Star Trek,http://images.amazon.com/images/P/0671864769.01.LZZZZZZZ.jpg,20
110,0671521519,Bless The Beasts And Children : Bless The Beasts And Children,Glendon Swarthout,1995,Pocket,http://images.amazon.com/images/P/0671521519.01.LZZZZZZZ.jpg,31
111,0440222303,The Touch of Your Shadow the Whisper of Your Name (Babylon 5 Book 5),Neal Barrett Jr.,1996,Dell,http://images.amazon.com/images/P/0440222303.01.LZZZZZZZ.jpg,37
112,0312953453,Blood Oath,David Morrell,1994,St. Martin's Press,http://images.amazon.com/images/P/0312953453.01.LZZZZZZZ.jpg,72
113,0446608653,The Alibi,Sandra Brown,2000,Warner Books,http://images.amazon.com/images/P/0446608653.01.LZZZZZZZ.jpg,51
114,0446612545,The Beach House,James Patterson,2003,Warner Books,http://images.amazon.com/images/P/0446612545.01.LZZZZZZZ.jpg,96
115,0446612618,A Kiss Remembered,Sandra Brown,2003,Warner Books,http://images.amazon.com/images/P/0446612618.01.LZZZZZZZ.jpg,96
116,0451208080,The Short Forever,Stuart Woods,2003,Signet Book,http://images.amazon.com/images/P/0451208080.01.LZZZZZZZ.jpg,80
117,0553584383,Dead Aim,IRIS JOHANSEN,2004,Bantam Books,http://images.amazon.com/images/P/0553584383.01.LZZZZZZZ.jpg,54
118,0671027360,Angels &amp; Demons,Dan Brown,2001,Pocket Star,http://images.amazon.com/images/P/0671027360.01.LZZZZZZZ.jpg,93
119,0812575954,The Deal,Joe Hutsko,2000,Tor Books (Mm),http://images.amazon.com/images/P/0812575954.01.LZZZZZZZ.jpg,31
120,0316735736,All He Ever Wanted: A Novel,Anita Shreve,2004,Back Bay Books,http://images.amazon.com/images/P/0316735736.01.LZZZZZZZ.jpg,73
121,0743439740,Every Breath You Take : A True Story of Obsession Revenge and Murder,Ann Rule,2002,Pocket,http://images.amazon.com/images/P/0743439740.01.LZZZZZZZ.jpg,38
122,0345372700,If I Ever Get Back to Georgia I'm Gonna Nail My Feet to the Ground,LEWIS GRIZZARD,1991,Ballantine Books,http://images.amazon.com/images/P/0345372700.01.LZZZZZZZ.jpg,39
125,0451406923,Goodbye My Little Ones: The True Story of a Murderous Mother and Five Innocent Victims,Charles Hickey,1996,Onyx Books,http://images.amazon.com/images/P/0451406923.01.LZZZZZZZ.jpg,29
126,0671042858,The Girl Who Loved Tom Gordon,Stephen King,2000,Pocket,http://images.amazon.com/images/P/0671042858.01.LZZZZZZZ.jpg,57
127,0743249992,Bringing Down the House: The Inside Story of Six M.I.T. Students Who Took Vegas for Millions,Ben Mezrich,2003,Free Press,http://images.amazon.com/images/P/0743249992.01.LZZZZZZZ.jpg,56
129,0425184226,The Sum of All Fears,Tom Clancy,2002,Berkley Publishing Group,http://images.amazon.com/images/P/0425184226.01.LZZZZZZZ.jpg,26
130,0375500766,Care Packages : Letters to Christopher Reeve from Strangers and Other Friends,DANA REEVE,1999,Random House,http://images.amazon.com/images/P/0375500766.01.LZZZZZZZ.jpg,39
132,0451205197,Lady in Green/Minor Indiscretions (Signet Regency Romance),Barbara Metzger,2002,Signet Book,http://images.amazon.com/images/P/0451205197.01.LZZZZZZZ.jpg,31
133,0060929790,One Hundred Years of Solitude,Gabriel Garcia Marquez,1998,Perennial,http://images.amazon.com/images/P/0060929790.01.LZZZZZZZ.jpg,73
134,0060976845,Little Altars Everywhere: A Novel,Rebecca Wells,1996,Perennial,http://images.amazon.com/images/P/0060976845.01.LZZZZZZZ.jpg,94
135,0061099325,Coyote Waits (Joe Leaphorn/Jim Chee Novels),Tony Hillerman,1992,HarperTorch,http://images.amazon.com/images/P/0061099325.01.LZZZZZZZ.jpg,72
136,0671004573,Before I Say Good-Bye,Mary Higgins Clark,2001,Pocket,http://images.amazon.com/images/P/0671004573.01.LZZZZZZZ.jpg,93
137,0446601640,Slow Waltz in Cedar Bend,Robert James Waller,1994,Warner Books,http://images.amazon.com/images/P/0446601640.01.LZZZZZZZ.jpg,48
138,0330484516,Twenty Minute Retreats: Revive Your Spirits in Just Minutes a Day (A Pan Self-discovery Title),Rachel Harris,2001,Pan Macmillan,http://images.amazon.com/images/P/0330484516.01.LZZZZZZZ.jpg,48
139,038572179X,Atonement : A Novel,IAN MCEWAN,2003,Anchor,http://images.amazon.com/images/P/038572179X.01.LZZZZZZZ.jpg,98
140,0393020371,Next: The Future Just Happened,Michael Lewis,2001,W.W. Norton &amp; Company,http://images.amazon.com/images/P/0393020371.01.LZZZZZZZ.jpg,55
141,1900850303,The Angelic Darkness,Richard Zimler,1999,Arcadia Books,http://images.amazon.com/images/P/1900850303.01.LZZZZZZZ.jpg,99
142,1903019699,The Soulbane Stratagem,Norman Jetmundsen,2000,"John Hunt Publishing Ltd.",http://images.amazon.com/images/P/1903019699.01.LZZZZZZZ.jpg,48
143,0345425294,Gangster,Lorenzo Carcaterra,2002,Fawcett Books,http://images.amazon.com/images/P/0345425294.01.LZZZZZZZ.jpg,100
144,0451410319,Hush,Anne Frasier,2002,Onyx Books,http://images.amazon.com/images/P/0451410319.01.LZZZZZZZ.jpg,36
145,0553583468,Whisper of Evil (Hooper Kay. Evil Trilogy.),Kay Hooper,2002,Bantam Books,http://images.amazon.com/images/P/0553583468.01.LZZZZZZZ.jpg,50
147,8476409419,Estudios sobre el amor,Jose Ortega Y Gaset,2001,Downtown Book Center,http://images.amazon.com/images/P/8476409419.01.LZZZZZZZ.jpg,90
148,0380778556,Rebecca,Daphne Du Maurier,1994,Avon,http://images.amazon.com/images/P/0380778556.01.LZZZZZZZ.jpg,49
149,0451525221,Scarlet Letter,Nathaniel Hawthorne,1993,Signet Book,http://images.amazon.com/images/P/0451525221.01.LZZZZZZZ.jpg,64
150,0002740230,Keep It Simple: And Get More Out of Life,Nick Page,1999,Trafalgar Square,http://images.amazon.com/images/P/0002740230.01.LZZZZZZZ.jpg,69
151,0385336772,Diary of a Mad Mom-To-Be,Laura Wolf,2003,Delta,http://images.amazon.com/images/P/0385336772.01.LZZZZZZZ.jpg,72
152,0440949424,Locked in Time (Laurel Leaf Books),LOIS DUNCAN,1986,Laure Leaf,http://images.amazon.com/images/P/0440949424.01.LZZZZZZZ.jpg,45
153,0505524996,Contact,Susan Grant,2002,Love Spell,http://images.amazon.com/images/P/0505524996.01.LZZZZZZZ.jpg,96
154,0140252800,The Brimstone Wedding,Barbara Vine,1997,Penguin Books Ltd,http://images.amazon.com/images/P/0140252800.01.LZZZZZZZ.jpg,47
155,0451452755,The Catswold Portal,Shirley Rousseau Murphy,1993,Roc,http://images.amazon.com/images/P/0451452755.01.LZZZZZZZ.jpg,56
156,0812575482,Through Wolf's Eyes (Wolf),Jane Lindskold,2002,Tor Fantasy,http://images.amazon.com/images/P/0812575482.01.LZZZZZZZ.jpg,80
157,044651747X,Puerto Vallarta Squeeze,Robert James Waller,1995,Warner Books,http://images.amazon.com/images/P/044651747X.01.LZZZZZZZ.jpg,97
158,0060801263,Tree Grows In Brooklyn,Betty Smith,1988,Harpercollins Publisher,http://images.amazon.com/images/P/0060801263.01.LZZZZZZZ.jpg,53
159,0061030147,Cybill Disobedience: How I Survived Beauty Pageants Elvis Sex Bruce Willis Lies Marriage Motherhood Hollywood and the Irrepressible Urge to Say What I Think,Cybill Shepherd,2001,Avon Books,http://images.amazon.com/images/P/0061030147.01.LZZZZZZZ.jpg,27
160,0140250964,Snow Angels,Stewart O'Nan,1995,Penguin Books,http://images.amazon.com/images/P/0140250964.01.LZZZZZZZ.jpg,48
161,0446527165,Wish You Well,David Baldacci,2000,Warner Books,http://images.amazon.com/images/P/0446527165.01.LZZZZZZZ.jpg,80
163,0385337639,Crow Lake (Today Show Book Club #7),Mary Lawson,2003,Delta,http://images.amazon.com/images/P/0385337639.01.LZZZZZZZ.jpg,75
164,039575514X,My Antonia,Willa Cather,1995,Mariner Books,http://images.amazon.com/images/P/039575514X.01.LZZZZZZZ.jpg,27
165,0451206673,Pen Pals,Olivia Goldsmith,2002,Signet Book,http://images.amazon.com/images/P/0451206673.01.LZZZZZZZ.jpg,65
166,0330332775,Bridget Jones's Diary,Helen Fielding,1997,Picador (UK),http://images.amazon.com/images/P/0330332775.01.LZZZZZZZ.jpg,91
167,0486284735,Pride and Prejudice (Dover Thrift Editions),Jane Austen,1995,Dover Publications,http://images.amazon.com/images/P/0486284735.01.LZZZZZZZ.jpg,24
168,0671021745,EYE ON CRIME: HARDY BOYS #153,Franklin W. Dixon,1998,Aladdin,http://images.amazon.com/images/P/0671021745.01.LZZZZZZZ.jpg,50
169,0671047612,Skin And Bones,Franklin W. Dixon,2000,Aladdin,http://images.amazon.com/images/P/0671047612.01.LZZZZZZZ.jpg,76
170,0671504282,LAW OF THE JUNGLE (HARDY BOYS CASE FILE 105) : LAW OF THE JUNGLE (Hardy Boys The),Franklin W. Dixon,1995,Simon Pulse,http://images.amazon.com/images/P/0671504282.01.LZZZZZZZ.jpg,67
172,0785263292,If Singleness Is a Gift What's the Return Policy?,Holly Virden,2003,Nelson Books,http://images.amazon.com/images/P/0785263292.01.LZZZZZZZ.jpg,32
174,0345354931,Night Mare (Xanth Novels (Paperback)),Piers Anthony,1990,Del Rey Books,http://images.amazon.com/images/P/0345354931.01.LZZZZZZZ.jpg,33
175,0553278223,The Martian Chronicles,RAY BRADBURY,1984,Spectra,http://images.amazon.com/images/P/0553278223.01.LZZZZZZZ.jpg,86
176,3150000335,Kabale Und Liebe,Schiller,0,"Philipp Reclam Jun Verlag GmbH",http://images.amazon.com/images/P/3150000335.01.LZZZZZZZ.jpg,44
177,3257203659,Der illustrierte Mann. ErzÃ?Â¤hlungen.,Ray Bradbury,2002,Diogenes,http://images.amazon.com/images/P/3257203659.01.LZZZZZZZ.jpg,38
179,3257208626,Fahrenheit 451,Ray Bradbury,1994,Distribooks Inc,http://images.amazon.com/images/P/3257208626.01.LZZZZZZZ.jpg,65
180,3257208634,Die Mars- Chroniken. Roman in ErzÃ?Â¤hlungen.,Ray Bradbury,1981,Diogenes Verlag,http://images.amazon.com/images/P/3257208634.01.LZZZZZZZ.jpg,23
181,3257208669,Das BÃ?Â¶se kommt auf leisen Sohlen.,Ray Bradbury,2003,Diogenes,http://images.amazon.com/images/P/3257208669.01.LZZZZZZZ.jpg,33
183,3257212054,Das Kind von morgen. ErzÃ?Â¤hlungen.,Ray Bradbury,2000,Diogenes Verlag,http://images.amazon.com/images/P/3257212054.01.LZZZZZZZ.jpg,20
184,3257212429,Die Mechanismen der Freude. ErzÃ?Â¤hlungen.,Ray Bradbury,2000,Diogenes Verlag,http://images.amazon.com/images/P/3257212429.01.LZZZZZZZ.jpg,93
185,3257214154,Familientreffen. ErzÃ?Â¤hlungen.,Ray Bradbury,2000,Diogenes Verlag,http://images.amazon.com/images/P/3257214154.01.LZZZZZZZ.jpg,50
186,3257216416,Der Tod kommt schnell in Mexico. ErzÃ?Â¤hlungen.,Ray Bradbury,1988,Diogenes Verlag,http://images.amazon.com/images/P/3257216416.01.LZZZZZZZ.jpg,39
187,3257233051,Veronika Deschliesst Zu Sterben / Vernika Decides to Die,Paolo Coelho,2002,Distribooks,http://images.amazon.com/images/P/3257233051.01.LZZZZZZZ.jpg,70
189,3423116714,Die Klone der Joanna May. Roman.,Fay Weldon,1993,Dtv,http://images.amazon.com/images/P/3423116714.01.LZZZZZZZ.jpg,74
190,3423241489,Ist mein Hintern wirklich so dick? Tagebuch einer empfindsamen Frau.,Arabella Weir,1998,Dtv,http://images.amazon.com/images/P/3423241489.01.LZZZZZZZ.jpg,49
191,3426605686,Haifischfrauen.,Kiana Davenport,1996,"Droemersche Verlagsanstalt Th. Knaur Nachf. GmbH &amp; Co.",http://images.amazon.com/images/P/3426605686.01.LZZZZZZZ.jpg,49
192,3453212150,Die Cappuccino- Jahre. Aus dem Tagebuch des Adrian Mole.,Sue Townsend,2002,Heyne,http://images.amazon.com/images/P/3453212150.01.LZZZZZZZ.jpg,20
193,3462021095,Schwarzer Tee mit drei StÃ¼ck Zucker,Renan Demirkan,1991,Kiepenheuer &amp; Witsch,http://images.amazon.com/images/P/3462021095.01.LZZZZZZZ.jpg,70
194,3492045642,QuerschÃ?Â¼sse - Downsize This!,Michael Moore,2003,Piper,http://images.amazon.com/images/P/3492045642.01.LZZZZZZZ.jpg,88
195,3498020862,Die Korrekturen.,Jonathan Franzen,2002,"Rowohlt Reinbek",http://images.amazon.com/images/P/3498020862.01.LZZZZZZZ.jpg,74
196,3499110695,Neun ErzÃ?Â¤hlungen.,Jerome D. Salinger,1968,Rowohlt Tb.,http://images.amazon.com/images/P/3499110695.01.LZZZZZZZ.jpg,61
197,3499151502,Hebt den Dachbalken hoch Zimmerleute / Seymour wird vorgestellt.,Jerome D. Salinger,1998,Rowohlt Tb.,http://images.amazon.com/images/P/3499151502.01.LZZZZZZZ.jpg,31
198,3518111000,Ulysses (Ã?Â?bersetzg. WollschlÃ?Â¤ger). ( Neue Folge 100).,James Joyce,1981,Suhrkamp,http://images.amazon.com/images/P/3518111000.01.LZZZZZZZ.jpg,30
199,3548254268,Eine ganz normale AffÃ?Â¤re.,Joanna Trollope,2002,Ullstein Tb,http://images.amazon.com/images/P/3548254268.01.LZZZZZZZ.jpg,83
200,3570300099,Das Intimleben des Adrian Mole 13 3/4 Jahre. cbt. ( Ab 14 J.).,Sue Townsend,2002,"Bertelsmann MÃ?Â¼nchen",http://images.amazon.com/images/P/3570300099.01.LZZZZZZZ.jpg,23
201,3596292646,Das Buch der lÃ?Â¤cherlichen Liebe.,Milan Kundera,2000,"Fischer (Tb.) Frankfurt",http://images.amazon.com/images/P/3596292646.01.LZZZZZZZ.jpg,38
202,0060977493,The God of Small Things,Arundhati Roy,1998,Perennial,http://images.amazon.com/images/P/0060977493.01.LZZZZZZZ.jpg,29
203,0312872682,The James Dean Affair: A Neil Gulliver &amp; Stevie Marriner Novel,Robert S. Levinson,2000,St Martins Pr,http://images.amazon.com/images/P/0312872682.01.LZZZZZZZ.jpg,98
204,0316602906,The Big Bad Wolf: A Novel,James Patterson,2003,"Little Brown",http://images.amazon.com/images/P/0316602906.01.LZZZZZZZ.jpg,27
205,0316693006,Four Blind Mice,James Patterson,2002,"Little Brown",http://images.amazon.com/images/P/0316693006.01.LZZZZZZZ.jpg,59
206,0345311396,Private Screening,Richard North Patterson,1994,Ballantine Books,http://images.amazon.com/images/P/0345311396.01.LZZZZZZZ.jpg,20
207,0345378490,Congo,Michael Crichton,1995,Ballantine Books,http://images.amazon.com/images/P/0345378490.01.LZZZZZZZ.jpg,82
208,0345404793,Protect and Defend,Richard North Patterson,2001,Ballantine Books,http://images.amazon.com/images/P/0345404793.01.LZZZZZZZ.jpg,25
209,0345433173,The Tall Pine Polka,Lorna Landvik,1999,Ballantine Books,http://images.amazon.com/images/P/0345433173.01.LZZZZZZZ.jpg,93
210,0375400117,Memoirs of a Geisha,Arthur Golden,1997,Alfred A. Knopf,http://images.amazon.com/images/P/0375400117.01.LZZZZZZZ.jpg,45
211,0375705856,Plainsong (Vintage Contemporaries),KENT HARUF,2000,Vintage,http://images.amazon.com/images/P/0375705856.01.LZZZZZZZ.jpg,61
212,0380717018,Body of Evidence (Kay Scarpetta Mysteries (Paperback)),Patricia D. Cornwell,1992,Avon,http://images.amazon.com/images/P/0380717018.01.LZZZZZZZ.jpg,49
213,0380718332,All That Remains (Kay Scarpetta Mysteries (Paperback)),Patricia D. Cornwell,1993,Avon,http://images.amazon.com/images/P/0380718332.01.LZZZZZZZ.jpg,20
215,038076654X,Petals on the River,Kathleen E. Woodiwiss,1997,Avon Trade,http://images.amazon.com/images/P/038076654X.01.LZZZZZZZ.jpg,71
216,0380807866,The Elusive Flame,Kathleen E. Woodiwiss,1999,Avon,http://images.amazon.com/images/P/0380807866.01.LZZZZZZZ.jpg,93
217,0385316895,Legacy of Silence,Belva Plain,1998,Bantam Dell Pub Group,http://images.amazon.com/images/P/0385316895.01.LZZZZZZZ.jpg,89
218,0385497466,The Brethren,JOHN GRISHAM,2000,Doubleday,http://images.amazon.com/images/P/0385497466.01.LZZZZZZZ.jpg,99
219,0385508042,The King of Torts,John Grisham,2003,Doubleday Books,http://images.amazon.com/images/P/0385508042.01.LZZZZZZZ.jpg,61
220,0385509456,The Curious Incident of the Dog in the Night-Time : A Novel,MARK HADDON,2003,Doubleday,http://images.amazon.com/images/P/0385509456.01.LZZZZZZZ.jpg,46
221,0385511612,Bleachers,John Grisham,2003,Doubleday,http://images.amazon.com/images/P/0385511612.01.LZZZZZZZ.jpg,92
222,0385730586,Sisterhood of the Traveling Pants,ANN BRASHARES,2003,Delacorte Books for Young Readers,http://images.amazon.com/images/P/0385730586.01.LZZZZZZZ.jpg,22
223,0425164403,Only Love (Magical Love),Erich Segal,1998,Berkley Publishing Group,http://images.amazon.com/images/P/0425164403.01.LZZZZZZZ.jpg,99
224,0440234964,All or Nothing (Wheeler Large Print Books),Elizabeth Adler,2000,Island,http://images.amazon.com/images/P/0440234964.01.LZZZZZZZ.jpg,88
225,0446605484,Roses Are Red (Alex Cross Novels),James Patterson,2001,Warner Vision,http://images.amazon.com/images/P/0446605484.01.LZZZZZZZ.jpg,40
226,0446610399,The Rescue,Nicholas Sparks,2001,Warner Books,http://images.amazon.com/images/P/0446610399.01.LZZZZZZZ.jpg,91
227,0449006522,Manhattan Hunt Club,JOHN SAUL,2002,Ballantine Books,http://images.amazon.com/images/P/0449006522.01.LZZZZZZZ.jpg,55
228,0449911004,Patty Jane's House of Curl (Ballantine Reader's Circle),LORNA LANDVIK,1996,Ballantine Books,http://images.amazon.com/images/P/0449911004.01.LZZZZZZZ.jpg,38
229,0451162072,Pet Sematary,Stephen King,1994,Signet Book,http://images.amazon.com/images/P/0451162072.01.LZZZZZZZ.jpg,21
230,0451186648,Silent Snow,Steve Thayer,2000,Signet Book,http://images.amazon.com/images/P/0451186648.01.LZZZZZZZ.jpg,45
231,0452282152,Girl with a Pearl Earring,Tracy Chevalier,2001,Plume Books,http://images.amazon.com/images/P/0452282152.01.LZZZZZZZ.jpg,98
232,051513290X,Summer of Storms,Judith Kelman,2002,Jove Books,http://images.amazon.com/images/P/051513290X.01.LZZZZZZZ.jpg,97
233,0553580388,The Patient,Michael Palmer,2001,Bantam Books,http://images.amazon.com/images/P/0553580388.01.LZZZZZZZ.jpg,72
234,0590598848,Demona's Revenge (Gargoyles No. 2),Francine Hughes,1995,Scholastic,http://images.amazon.com/images/P/0590598848.01.LZZZZZZZ.jpg,67
235,0590629719,Clifford's Sports Day,Norman Bridwell,1996,Scholastic,http://images.amazon.com/images/P/0590629719.01.LZZZZZZZ.jpg,91
236,0671023616,Postmortem (Kay Scarpetta Mysteries (Paperback)),Patricia Cornwell,1998,Pocket,http://images.amazon.com/images/P/0671023616.01.LZZZZZZZ.jpg,41
237,0671027387,Deception Point,Dan Brown,2002,Pocket,http://images.amazon.com/images/P/0671027387.01.LZZZZZZZ.jpg,20
238,0684848783,Tis : A Memoir,Frank McCourt,1999,Scribner,http://images.amazon.com/images/P/0684848783.01.LZZZZZZZ.jpg,86
239,0743486226,Angels &amp; Demons,Dan Brown,2003,Atria,http://images.amazon.com/images/P/0743486226.01.LZZZZZZZ.jpg,34
240,0786863986,A Monk Swimming,Malachy McCourt,1998,Hyperion,http://images.amazon.com/images/P/0786863986.01.LZZZZZZZ.jpg,85
242,0804117934,The Silent Cry (William Monk Novels (Paperback)),Anne Perry,1998,Ivy Books,http://images.amazon.com/images/P/0804117934.01.LZZZZZZZ.jpg,60
243,140003180X,The Kalahari Typing School for Men (No. 1 Ladies' Detective Agency),ALEXANDER MCCALL SMITH,2004,Anchor,http://images.amazon.com/images/P/140003180X.01.LZZZZZZZ.jpg,71
244,155874262X,Chicken Soup for the Soul (Chicken Soup for the Soul),Jack Canfield,1993,Health Communications,http://images.amazon.com/images/P/155874262X.01.LZZZZZZZ.jpg,70
245,0060987103,Wicked: The Life and Times of the Wicked Witch of the West,Gregory Maguire,1996,Regan Books,http://images.amazon.com/images/P/0060987103.01.LZZZZZZZ.jpg,36
246,0151008116,Life of Pi,Yann Martel,2002,Harcourt,http://images.amazon.com/images/P/0151008116.01.LZZZZZZZ.jpg,26
247,0375704965,A Judgement in Stone,Ruth Rendell,2000,Vintage Books USA,http://images.amazon.com/images/P/0375704965.01.LZZZZZZZ.jpg,73
248,0525947647,Lies and the Lying Liars Who Tell Them: A Fair and Balanced Look at the Right,Al Franken,2003,Dutton Books,http://images.amazon.com/images/P/0525947647.01.LZZZZZZZ.jpg,33
249,0804111359,Secret History,DONNA TARTT,1993,Ballantine Books,http://images.amazon.com/images/P/0804111359.01.LZZZZZZZ.jpg,68
250,1558744150,Chicken Soup for the Woman's Soul (Chicken Soup for the Soul Series (Paper)),Jack Canfield,1996,Health Communications,http://images.amazon.com/images/P/1558744150.01.LZZZZZZZ.jpg,41
251,0435272683,Great Expectations (Heinemann Guided Readers),John Milne,1995,Delta Systems,http://images.amazon.com/images/P/0435272683.01.LZZZZZZZ.jpg,38
252,0316782505,The Weight of Water,Anita Shreve,2001,"Little Brown",http://images.amazon.com/images/P/0316782505.01.LZZZZZZZ.jpg,97
253,006102063X,Moving Pictures (Discworld Novels (Paperback)),Terry Pratchett,2002,HarperTorch,http://images.amazon.com/images/P/006102063X.01.LZZZZZZZ.jpg,89
254,0060013117,Night Watch,Terry Pratchett,2002,HarperCollins,http://images.amazon.com/images/P/0060013117.01.LZZZZZZZ.jpg,33
255,0060199563,Thief of Time,Terry Pratchett,2001,HarperCollins Publishers,http://images.amazon.com/images/P/0060199563.01.LZZZZZZZ.jpg,71
256,006052779X,Charlotte's Web Book and Charm (Charming Classics),E. B. White,2003,HarperFestival,http://images.amazon.com/images/P/006052779X.01.LZZZZZZZ.jpg,27
257,0060563079,Peter Pan: The Original Story (Peter Pan),J. M. Barrie,2003,HarperFestival,http://images.amazon.com/images/P/0060563079.01.LZZZZZZZ.jpg,95
258,0060809027,My Friend Flicka,Mary O'Hara,1988,Perennial,http://images.amazon.com/images/P/0060809027.01.LZZZZZZZ.jpg,98
259,0061040967,The Last Hero : A Discworld Fable (Discworld Novels (Hardcover)),Terry Pratchett,2001,HarperCollins,http://images.amazon.com/images/P/0061040967.01.LZZZZZZZ.jpg,75
260,0061050474,Jingo: A Discworld Novel (Discworld Series/Terry Pratchett),Terry Pratchett,1998,HarperPrism,http://images.amazon.com/images/P/0061050474.01.LZZZZZZZ.jpg,66
261,0061052515,Maskerade: A Novel of Discworld (Pratchett Terry. Discworld Series (New York N.Y.).),Terry Pratchett,1997,HarperPrism,http://images.amazon.com/images/P/0061052515.01.LZZZZZZZ.jpg,21
262,0061052523,Interesting Times: A Novel of Discworld,Terry Pratchett,1997,Harpercollins,http://images.amazon.com/images/P/0061052523.01.LZZZZZZZ.jpg,32
263,0064472264,On the Bright Side I'm Now the Girlfriend of a Sex God: Further Confessions of Georgia Nicolson,Louise Rennison,2002,HarperTempest,http://images.amazon.com/images/P/0064472264.01.LZZZZZZZ.jpg,89
264,0140620664,Mansfield Park (Penguin Popular Classics),Jane Austen,1994,Penguin Books Ltd,http://images.amazon.com/images/P/0140620664.01.LZZZZZZZ.jpg,52
265,0312148267,The Wind in the Willows,Kenneth Grahame,1996,St. Martin's Press,http://images.amazon.com/images/P/0312148267.01.LZZZZZZZ.jpg,98
266,0312156960,The Winter King: A Novel of Arthur (The Warlord Chronicles: I),Bernard Cornwell,1997,St. Martin's Griffin,http://images.amazon.com/images/P/0312156960.01.LZZZZZZZ.jpg,62
267,0312890044,Moonheart (Newford),Charles de Lint,1994,Orb Books,http://images.amazon.com/images/P/0312890044.01.LZZZZZZZ.jpg,30
268,034543191X,The King of Elfland's Daughter (Del Rey Impact),Edward John Moreton Drax Plunkett Dunsany,1999,Del Rey Books,http://images.amazon.com/images/P/034543191X.01.LZZZZZZZ.jpg,39
269,0373836023,Powder and Patch,Georgette Heyer,2004,Harlequin,http://images.amazon.com/images/P/0373836023.01.LZZZZZZZ.jpg,57
270,0375751513,The Picture of Dorian Gray (Modern Library (Paperback)),OSCAR WILDE,1998,Modern Library,http://images.amazon.com/images/P/0375751513.01.LZZZZZZZ.jpg,61
271,0375801677,The Iron Giant,Ted Hughes,1999,Knopf Books for Young Readers,http://images.amazon.com/images/P/0375801677.01.LZZZZZZZ.jpg,42
272,0375814248,James and the Giant Peach,ROALD DAHL,2002,Knopf Books for Young Readers,http://images.amazon.com/images/P/0375814248.01.LZZZZZZZ.jpg,84
273,0375823352,The Amber Spyglass (His Dark Materials Book 3),PHILIP PULLMAN,2002,Knopf Books for Young Readers,http://images.amazon.com/images/P/0375823352.01.LZZZZZZZ.jpg,95
274,037582345X,The Golden Compass (His Dark Materials Book 1),PHILIP PULLMAN,2002,Knopf Books for Young Readers,http://images.amazon.com/images/P/037582345X.01.LZZZZZZZ.jpg,43
275,0375823468,The Subtle Knife (His Dark Materials Book 2),PHILIP PULLMAN,2002,Knopf Books for Young Readers,http://images.amazon.com/images/P/0375823468.01.LZZZZZZZ.jpg,45
276,0380730448,The Adrian Mole Diaries : The Secret Diary of Adrian Mole Aged 13 3/4 : The Growing Pains of Adrian Mole,Sue Townsend,1997,Perennial,http://images.amazon.com/images/P/0380730448.01.LZZZZZZZ.jpg,47
277,0380973839,Martian Chronicles,Ray Bradbury,1997,William Morrow,http://images.amazon.com/images/P/0380973839.01.LZZZZZZZ.jpg,100
278,0385327773,The Great God Pan,Donna Jo Napoli,2003,Wendy Lamb Books,http://images.amazon.com/images/P/0385327773.01.LZZZZZZZ.jpg,81
280,0439510112,Born Confused,Tanuja Desai Hidier,2003,Push,http://images.amazon.com/images/P/0439510112.01.LZZZZZZZ.jpg,85
281,0440241413,Confessions of a Shopaholic,SOPHIE KINSELLA,2003,Dell,http://images.amazon.com/images/P/0440241413.01.LZZZZZZZ.jpg,60
282,0451409256,Making Minty Malone,Isabel Wolff,2000,Onyx Books,http://images.amazon.com/images/P/0451409256.01.LZZZZZZZ.jpg,95
284,0451526279,Emma (Signet Classics (Paperback)),Jane Austen,1996,Signet Classics,http://images.amazon.com/images/P/0451526279.01.LZZZZZZZ.jpg,40
285,0451526341,Animal Farm,George Orwell,2004,Signet,http://images.amazon.com/images/P/0451526341.01.LZZZZZZZ.jpg,46
286,0486415864,Great Expectations (Dover Thrift Editions),Charles Dickens,2001,Dover Publications,http://images.amazon.com/images/P/0486415864.01.LZZZZZZZ.jpg,73
287,0553280589,Eva Luna,Isabel Allende,1989,Bantam Books,http://images.amazon.com/images/P/0553280589.01.LZZZZZZZ.jpg,68
288,0571197639,Poisonwood Bible Edition Uk,Barbara Kingsolver,0,Faber Faber Inc,http://images.amazon.com/images/P/0571197639.01.LZZZZZZZ.jpg,40
289,0670035262,The Green Man : Tales from the Mythic Forest,Ellen Datlow,2002,Viking Juvenile,http://images.amazon.com/images/P/0670035262.01.LZZZZZZZ.jpg,91
290,0679423079,Nicholas Nickleby (Everyman's Library),Charles Dickens,1993,Alfred A. Knopf,http://images.amazon.com/images/P/0679423079.01.LZZZZZZZ.jpg,74
291,0679751343,Angels &amp; Insects : Two Novellas,A.S. BYATT,1994,Vintage,http://images.amazon.com/images/P/0679751343.01.LZZZZZZZ.jpg,55
292,0684833395,Catch 22,Joseph Heller,1996,Simon &amp; Schuster,http://images.amazon.com/images/P/0684833395.01.LZZZZZZZ.jpg,80
293,0743245024,The Forsyte Saga : The Man of Property and In Chancery,John Galsworthy,2002,Touchstone,http://images.amazon.com/images/P/0743245024.01.LZZZZZZZ.jpg,95
294,0749748001,The Enchanted Wood,Enid Blyton,2002,Egmont Childrens Books,http://images.amazon.com/images/P/0749748001.01.LZZZZZZZ.jpg,82
295,0749748028,The Folk of the Faraway Tree,Enid Blyton,2002,Egmont Childrens Books,http://images.amazon.com/images/P/0749748028.01.LZZZZZZZ.jpg,23
296,0963094424,Angels and Visitations: A Miscellany,Neil Gaiman,1993,Dreamhaven Books,http://images.amazon.com/images/P/0963094424.01.LZZZZZZZ.jpg,23
297,1401201172,League of Extraordinary Gentlemen Vol. 2 (Comic),Alan Moore,2003,DC Comics,http://images.amazon.com/images/P/1401201172.01.LZZZZZZZ.jpg,76
298,1563892278,Preludes and Nocturnes (Sandman Book 1),Neil Gaiman,1998,DC Comics,http://images.amazon.com/images/P/1563892278.01.LZZZZZZZ.jpg,80
299,1563898586,The League of Extraordinary Gentlemen Vol. 1,Alan Moore,2002,DC Comics,http://images.amazon.com/images/P/1563898586.01.LZZZZZZZ.jpg,27
300,156971620X,Harlequin Valentine,Neil Gaiman,2002,Dark Horse Comics,http://images.amazon.com/images/P/156971620X.01.LZZZZZZZ.jpg,55
301,1592571301,Alpha Teach Yourself American Sign Language in 24 Hours (Alpha Teach Yourself in 24 Hours),Trudy Suggs,2003,Alpha Books,http://images.amazon.com/images/P/1592571301.01.LZZZZZZZ.jpg,90
302,0374270325,A Man in Full,Tom Wolfe,1998,Farrar Straus &amp; Giroux,http://images.amazon.com/images/P/0374270325.01.LZZZZZZZ.jpg,30
303,0375719180,The Miracle Life of Edgar Mint: A Novel,Brady Udall,2002,Vintage Books USA,http://images.amazon.com/images/P/0375719180.01.LZZZZZZZ.jpg,63
304,0440235502,October Sky: A Memoir,Homer Hickam,1999,Dell,http://images.amazon.com/images/P/0440235502.01.LZZZZZZZ.jpg,20
305,044023722X,A Painted House,John Grisham,2001,Dell Publishing Company,http://images.amazon.com/images/P/044023722X.01.LZZZZZZZ.jpg,52
306,1573225487,The Romance Reader,Pearl Abraham,1996,Riverhead Books,http://images.amazon.com/images/P/1573225487.01.LZZZZZZZ.jpg,89
307,1853260673,Far from the Madding Crowd (Wordsworth Classics),Thomas Hardy,1997,NTC/Contemporary Publishing Company,http://images.amazon.com/images/P/1853260673.01.LZZZZZZZ.jpg,24
308,0060977477,The Perfect Storm : A True Story of Men Against the Sea,Sebastian Junger,1999,Perennial,http://images.amazon.com/images/P/0060977477.01.LZZZZZZZ.jpg,29
309,0345391691,The Battle for God,Karen Armstrong,2001,Ballantine Books,http://images.amazon.com/images/P/0345391691.01.LZZZZZZZ.jpg,44
310,0520011171,Sappho: A New Translation,Mary Barnard,1958,University of California Press,http://images.amazon.com/images/P/0520011171.01.LZZZZZZZ.jpg,68
311,0553278746,The Postman (Bantam Classics),David Brin,1990,Spectra Books,http://images.amazon.com/images/P/0553278746.01.LZZZZZZZ.jpg,66
312,0670856045,The Tortilla Curtain,T. Coraghessan Boyle,1995,Viking Books,http://images.amazon.com/images/P/0670856045.01.LZZZZZZZ.jpg,23
313,0872200760,Symposium,Paul Woodruff,1989,Hackett Pub Co Inc,http://images.amazon.com/images/P/0872200760.01.LZZZZZZZ.jpg,21
314,0937858994,The What's Happening to My Body? Book for Boys: A Growing Up Guide for Parents and Sons,Lynda Madaras,1987,W W Norton &amp; Co,http://images.amazon.com/images/P/0937858994.01.LZZZZZZZ.jpg,30
318,0553571486,Angel of Hope (Mercy Trilogy),Lurlene McDaniel,2000,Starfire,http://images.amazon.com/images/P/0553571486.01.LZZZZZZZ.jpg,89
319,0972044205,The Breach,Brian Kaufman,2002,Last Knight Pub Co,http://images.amazon.com/images/P/0972044205.01.LZZZZZZZ.jpg,78
320,0312963009,Neanderthal: A Novel,John Darnton,1997,St. Martin's Press,http://images.amazon.com/images/P/0312963009.01.LZZZZZZZ.jpg,71
321,0345430476,A Small Dark Place,Martin Schenk,1999,Ballantine Books,http://images.amazon.com/images/P/0345430476.01.LZZZZZZZ.jpg,40
322,0345435869,The Rivan Codex : Ancient Texts of THE BELGARIAD and THE MALLOREON,DAVID EDDINGS,1999,Del Rey,http://images.amazon.com/images/P/0345435869.01.LZZZZZZZ.jpg,86
323,0380728729,Babyhood,Paul Reiser,1998,Avon,http://images.amazon.com/images/P/0380728729.01.LZZZZZZZ.jpg,98
324,038081840X,Year's Best Fantasy (Year's Best Fantasy),David G. Hartwell,2001,Eos,http://images.amazon.com/images/P/038081840X.01.LZZZZZZZ.jpg,66
325,0449912302,Dave Barry in Cyberspace,Dave Barry,1997,Ballantine Books,http://images.amazon.com/images/P/0449912302.01.LZZZZZZZ.jpg,90
326,055329198X,Wolf Moon,John R. Holt,1997,Bantam,http://images.amazon.com/images/P/055329198X.01.LZZZZZZZ.jpg,74
327,0671018930,The War in Heaven (Eternal Warriors),Theodore Beale,2000,Pocket,http://images.amazon.com/images/P/0671018930.01.LZZZZZZZ.jpg,41
328,0812541642,Waiting,Frank M. Robinson,2000,Tor Books,http://images.amazon.com/images/P/0812541642.01.LZZZZZZZ.jpg,39
329,0312988699,Nowhere To Run,Mary Jane Clark,2004,St. Martin's Paperbacks,http://images.amazon.com/images/P/0312988699.01.LZZZZZZZ.jpg,79
330,0486282112,Frankenstein (Dover Thrift Editions),Mary Wollstonecraft Shelley,1994,Dover Publications,http://images.amazon.com/images/P/0486282112.01.LZZZZZZZ.jpg,91
331,8483007010,El gust amarg de la cervesa (CollecciÃ³ ClÃ ssica),Isabel-Clara SimÃ³,1999,Columna,http://images.amazon.com/images/P/8483007010.01.LZZZZZZZ.jpg,25
332,0670815373,Urn Burial,Robert Westall,1987,Viking Children's Books,http://images.amazon.com/images/P/0670815373.01.LZZZZZZZ.jpg,54
334,1575843366,What Shall I Be (Barbie Carryalong),Rita Chapman Works,1999,Reader's Digest,http://images.amazon.com/images/P/1575843366.01.LZZZZZZZ.jpg,31
335,0684193957,ALL THAT REMAINS,Patricia Cornwell,1992,Scribner,http://images.amazon.com/images/P/0684193957.01.LZZZZZZZ.jpg,77
336,0345371984,Last Chance to See,Douglas Adams,1992,Ballantine Books,http://images.amazon.com/images/P/0345371984.01.LZZZZZZZ.jpg,90
337,0380730138,Vinegar Hill (Oprah's Book Club (Paperback)),A. Manette Ansay,1998,Perennial,http://images.amazon.com/images/P/0380730138.01.LZZZZZZZ.jpg,27
338,1573228737,Affinity,Sarah Waters,2002,Riverhead Books,http://images.amazon.com/images/P/1573228737.01.LZZZZZZZ.jpg,61
339,9681500555,Diario de Ana Frank,Anne Frank,2000,"Editores Mexicanos Unidos S.A.",http://images.amazon.com/images/P/9681500555.01.LZZZZZZZ.jpg,45
340,0380711109,Desert Notes/River Notes,Barry Lopez,1990,Quill (HarperCollins),http://images.amazon.com/images/P/0380711109.01.LZZZZZZZ.jpg,79
341,0452283914,The Best Democracy Money Can Buy: The Truth About Corporate Cons Globalization and High-Finance Fraudsters,Greg Palast,2003,Plume Books,http://images.amazon.com/images/P/0452283914.01.LZZZZZZZ.jpg,86
343,067153484X,The Music Box,Andrea Kane,1998,Pocket,http://images.amazon.com/images/P/067153484X.01.LZZZZZZZ.jpg,29
344,0380728273,Liberty Falling (Anna Pigeon Mysteries (Paperback)),Nevada Barr,2000,Avon,http://images.amazon.com/images/P/0380728273.01.LZZZZZZZ.jpg,60
345,8433914545,El Palacio de La Luna,Paul Auster,1996,Anagrama,http://images.amazon.com/images/P/8433914545.01.LZZZZZZZ.jpg,31
347,0446606197,Killer Market (Deborah Knott Mysteries (Paperback)),Margaret Maron,1999,Warner Books,http://images.amazon.com/images/P/0446606197.01.LZZZZZZZ.jpg,71
348,0771076002,Remembering Peter Gzowski : A Book of Tributes,EDNA BARKER,2002,Douglas Gibson Books,http://images.amazon.com/images/P/0771076002.01.LZZZZZZZ.jpg,52
349,0771088191,The Best Canadian Animal Stories: Classic Tales by Master Storytellers,Muriel Whitaker,1997,McClelland &amp; Stewart,http://images.amazon.com/images/P/0771088191.01.LZZZZZZZ.jpg,79
350,1559703237,Trying to Save Piggy Sneed,John Irving,1996,Arcade Publishing,http://images.amazon.com/images/P/1559703237.01.LZZZZZZZ.jpg,85
351,3596214629,Herr Der Fliegen (Fiction Poetry and Drama),Golding,0,Fischer Taschenbuch Verlag GmbH,http://images.amazon.com/images/P/3596214629.01.LZZZZZZZ.jpg,43
353,0671847546,REAL GUIDE: CALIFORNIA AND THE WEST COAST (The Real guides),LTD,1993,John Wiley &amp; Sons Inc,http://images.amazon.com/images/P/0671847546.01.LZZZZZZZ.jpg,85
354,0060188731,Bel Canto,Ann Patchett,2001,HarperCollins Publishers,http://images.amazon.com/images/P/0060188731.01.LZZZZZZZ.jpg,83
355,0140374248,James and the Giant Peach,Roald Dahl,2000,Penguin USA (Paper),http://images.amazon.com/images/P/0140374248.01.LZZZZZZZ.jpg,48
356,0142001740,The Secret Life of Bees,Sue Monk Kidd,2003,Penguin Books,http://images.amazon.com/images/P/0142001740.01.LZZZZZZZ.jpg,63
358,0312995423,Digital Fortress : A Thriller,Dan Brown,2003,St. Martin's Press,http://images.amazon.com/images/P/0312995423.01.LZZZZZZZ.jpg,81
359,0380704587,The Ladies of Missalonghi,Colleen McCullough,1988,Avon,http://images.amazon.com/images/P/0380704587.01.LZZZZZZZ.jpg,26
360,0380815923,Blackberry Wine : A Novel,Joanne Harris,2001,Perennial,http://images.amazon.com/images/P/0380815923.01.LZZZZZZZ.jpg,59
361,0385416342,The Firm,John Grisham,1991,Doubleday Books,http://images.amazon.com/images/P/0385416342.01.LZZZZZZZ.jpg,42
362,0385418493,How the Irish Saved Civilization: The Untold Story of Ireland's Heroic Role from the Fall of Rome to the Rise of Medieval Europe (Hinges of History),Thomas Cahill,1996,Anchor,http://images.amazon.com/images/P/0385418493.01.LZZZZZZZ.jpg,90
363,038542471X,The Client,John Grisham,1993,Doubleday Books,http://images.amazon.com/images/P/038542471X.01.LZZZZZZZ.jpg,80
365,0449005410,Horse Heaven (Ballantine Reader's Circle),Jane Smiley,2001,Ballantine Books,http://images.amazon.com/images/P/0449005410.01.LZZZZZZZ.jpg,78
368,0515128554,Heart of the Sea (Irish Trilogy),Nora Roberts,2000,Jove Books,http://images.amazon.com/images/P/0515128554.01.LZZZZZZZ.jpg,51
370,0590450875,I Spy: A Book of Picture Riddles,Jean Marzollo,1992,Scholastic,http://images.amazon.com/images/P/0590450875.01.LZZZZZZZ.jpg,93
371,0590481371,I Spy Spooky Night: A Book of Picture Riddles (I Spy Books),Walter Wick,1996,Scholastic,http://images.amazon.com/images/P/0590481371.01.LZZZZZZZ.jpg,70
372,067103619X,Lake News,Barbara Delinsky,2000,Pocket,http://images.amazon.com/images/P/067103619X.01.LZZZZZZZ.jpg,87
375,0743411269,An Accidental Woman,Barbara Delinsky,2003,Pocket Books,http://images.amazon.com/images/P/0743411269.01.LZZZZZZZ.jpg,22
376,0743470389,The Snow Garden,Christopher Rice,2004,Pocket Star,http://images.amazon.com/images/P/0743470389.01.LZZZZZZZ.jpg,74
378,0767905938,A Year by the Sea: Thoughts of an Unfinished Woman,Joan Anderson,2000,Broadway Books,http://images.amazon.com/images/P/0767905938.01.LZZZZZZZ.jpg,31
380,0801096677,Victorious Christians You Should Know,Warren W. Wiersbe,1984,Baker Book House,http://images.amazon.com/images/P/0801096677.01.LZZZZZZZ.jpg,62
381,0849953014,Life Lessons: Book Of Hebrews,Max Lucado,1997,W Publishing Group,http://images.amazon.com/images/P/0849953014.01.LZZZZZZZ.jpg,52
383,0915811537,Son Rise: The Miracle Continues,Barry Neil Kaufman,1994,Pub Group West,http://images.amazon.com/images/P/0915811537.01.LZZZZZZZ.jpg,50
384,0927545373,Unveiled at Last,Bob Sjogren,1988,YWAM Publishing,http://images.amazon.com/images/P/0927545373.01.LZZZZZZZ.jpg,77
385,1575024179,The Day I Almost Quit,Frederick J. Moody,1997,F.J. Moody,http://images.amazon.com/images/P/1575024179.01.LZZZZZZZ.jpg,69
386,1880185008,Serving As Senders: How to Care for Your Missionaries While They Are Preparing to Go While They Are on the Field When They Return Home,Neal Pirolo,1991,Emmaus Road Intl,http://images.amazon.com/images/P/1880185008.01.LZZZZZZZ.jpg,78
387,0140345809,House of Stairs,William Sleator,1991,Puffin Books,http://images.amazon.com/images/P/0140345809.01.LZZZZZZZ.jpg,86
388,0156528207,The Little Prince,Antoine de Saint-ExupÃ©ry,1968,Harcourt,http://images.amazon.com/images/P/0156528207.01.LZZZZZZZ.jpg,52
389,0380012863,Jonathan Livingston Seagull,Richard Bach,1976,Avon,http://images.amazon.com/images/P/0380012863.01.LZZZZZZZ.jpg,34
390,0451154916,The Crystal Handbook,Kevin Sullivan,1996,Signet Book,http://images.amazon.com/images/P/0451154916.01.LZZZZZZZ.jpg,60
391,0785815147,Simple Wicca (Simple Wisdom Book),Michele Morgan,2002,Castle Books,http://images.amazon.com/images/P/0785815147.01.LZZZZZZZ.jpg,62
392,0875421288,The Complete Book of Incense Oils &amp; Brews (Llewellyn's Practical Magick),"Scott Cunningham",1989,Llewellyn Publications,http://images.amazon.com/images/P/0875421288.01.LZZZZZZZ.jpg,48
393,1567184294,The Western Mysteries: An Encyclopedic Guide to the Sacred Languages &amp; Magickal Systems of the World : The Key of It All Book II (Key of It All),David Allen Hulse,2000,Llewellyn Publications,http://images.amazon.com/images/P/1567184294.01.LZZZZZZZ.jpg,33
394,156718796X,Astral Travel for Beginners (For Beginners),Richard Webster,1998,Llewellyn Publications,http://images.amazon.com/images/P/156718796X.01.LZZZZZZZ.jpg,34
395,1862047626,New Perspectives: Runes,Bernard King,2000,Harper Collins - UK,http://images.amazon.com/images/P/1862047626.01.LZZZZZZZ.jpg,88
396,0020437501,Rosie'S Walk,Pat Hutchins,1971,Aladdin,http://images.amazon.com/images/P/0020437501.01.LZZZZZZZ.jpg,34
397,0198320264,Julius Caesar (Oxford School Shakespeare),William Shakespeare,2001,Oxford University Press,http://images.amazon.com/images/P/0198320264.01.LZZZZZZZ.jpg,97
398,0373196989,Santa Brought A Son : Marrying The Boss's Daughter (Silhouette Romance 1698),Melissa McClone,2003,Silhouette,http://images.amazon.com/images/P/0373196989.01.LZZZZZZZ.jpg,33
399,0373245580,Marry Me ... Again   Montana Mavericks (Silhouette Special Edition 1558),Cheryl St. John,2003,Silhouette,http://images.amazon.com/images/P/0373245580.01.LZZZZZZZ.jpg,77
400,0451527747,Alice's Adventures in Wonderland and Through the Looking Glass,Lewis Carroll,2000,Signet Classics,http://images.amazon.com/images/P/0451527747.01.LZZZZZZZ.jpg,31
401,0671867113,Moonlight Becomes You,Mary Higgins Clark,1997,Pocket,http://images.amazon.com/images/P/0671867113.01.LZZZZZZZ.jpg,77
402,0812504208,The Adventures of Tom Sawyer,Mark Twain,1989,Tor Books,http://images.amazon.com/images/P/0812504208.01.LZZZZZZZ.jpg,31
403,0060173289,Divine Secrets of the Ya-Ya Sisterhood : A Novel,Rebecca Wells,1996,HarperCollins,http://images.amazon.com/images/P/0060173289.01.LZZZZZZZ.jpg,55
404,0060973897,Lakota Woman,Dog Mary Crow,1991,Perennial,http://images.amazon.com/images/P/0060973897.01.LZZZZZZZ.jpg,47
405,006101351X,The Perfect Storm : A True Story of Men Against the Sea,Sebastian Junger,1998,HarperTorch,http://images.amazon.com/images/P/006101351X.01.LZZZZZZZ.jpg,72
406,0140104682,Heroes of Their Own Lives: The Politics and History of Family Violence Boston 1880-1960,Linda Gordon,1989,Penguin USA,http://images.amazon.com/images/P/0140104682.01.LZZZZZZZ.jpg,35
407,0312143370,The Florence King Reader,Florence King,1996,St. Martin's Press,http://images.amazon.com/images/P/0312143370.01.LZZZZZZZ.jpg,86
408,0316666343,The Lovely Bones: A Novel,Alice Sebold,2002,"Little Brown",http://images.amazon.com/images/P/0316666343.01.LZZZZZZZ.jpg,51
410,0440224675,Hannibal,Thomas Harris,2000,Dell Publishing Company,http://images.amazon.com/images/P/0440224675.01.LZZZZZZZ.jpg,54
411,0449002632,London : The Novel,EDWARD RUTHERFURD,1998,Fawcett,http://images.amazon.com/images/P/0449002632.01.LZZZZZZZ.jpg,94
412,0449213773,Life Before Man,Margaret Atwood,1990,Fawcett Books,http://images.amazon.com/images/P/0449213773.01.LZZZZZZZ.jpg,77
413,0452279690,Cavedweller,Dorothy Allison,1999,Plume Books,http://images.amazon.com/images/P/0452279690.01.LZZZZZZZ.jpg,74
414,0553569058,The Robber Bride,Margaret Atwood,1995,Bantam,http://images.amazon.com/images/P/0553569058.01.LZZZZZZZ.jpg,53
415,0679427430,Wouldn't Take Nothing for My Journey Now,MAYA ANGELOU,1993,Random House,http://images.amazon.com/images/P/0679427430.01.LZZZZZZZ.jpg,46
416,0679725393,The House of Mirth (Library of America),Edith Wharton,1990,Vintage Books USA,http://images.amazon.com/images/P/0679725393.01.LZZZZZZZ.jpg,69
419,0819154946,The Community in America,Roland Warren,1987,University Press of America,http://images.amazon.com/images/P/0819154946.01.LZZZZZZZ.jpg,48
420,0897322339,The Best in Tent Camping: Smoky Mountains : A Guide for Campers Who Hate Rvs Concrete Slabs and Loud Portable Stereos (Best in Tent Camping Colorado),Johnny Molloy,1997,Globe Pequot Pr,http://images.amazon.com/images/P/0897322339.01.LZZZZZZZ.jpg,90
421,0940322978,Mawrdew Czgowchwz (New York Review Books Classics),James McCourt,2002,New York Review of Books,http://images.amazon.com/images/P/0940322978.01.LZZZZZZZ.jpg,34
422,1573225126,Prozac Nation: Young and Depressed in America : A Memoir,Elizabeth Wurtzel,1997,Riverhead Books,http://images.amazon.com/images/P/1573225126.01.LZZZZZZZ.jpg,76
423,1579651658,The Journey From Here,Bill Bradley,2000,Artisan Publishers,http://images.amazon.com/images/P/1579651658.01.LZZZZZZZ.jpg,66
424,1878424319,The Four Agreements: A Practical Guide to Personal Freedom,Don Miguel Ruiz,1997,Amber-Allen Publishing,http://images.amazon.com/images/P/1878424319.01.LZZZZZZZ.jpg,49
437,8478097732,GrÃ cies per la propina (Columna),Ferran Torrent,1995,Columna,http://images.amazon.com/images/P/8478097732.01.LZZZZZZZ.jpg,87
440,8478884963,Una casa en Irlanda,Maeve Binchy,1999,Salamandra,http://images.amazon.com/images/P/8478884963.01.LZZZZZZZ.jpg,42
441,8483002523,La mirada del tafur (ColÂ¨lecciÃ³ clÃ ssica),Ferran Torrent,1997,Columna,http://images.amazon.com/images/P/8483002523.01.LZZZZZZZ.jpg,41
443,0600586898,Blur (Melody Maker),Paul Lester,1995,Hal Leonard Corp,http://images.amazon.com/images/P/0600586898.01.LZZZZZZZ.jpg,39
444,1853260622,War and Peace (Wordsworth Classics),Leo Tolstoy,1997,NTC/Contemporary Publishing Company,http://images.amazon.com/images/P/1853260622.01.LZZZZZZZ.jpg,30
445,1857938011,A-Z of Behaving Badly,Simon Nye,1996,Trafalgar Square,http://images.amazon.com/images/P/1857938011.01.LZZZZZZZ.jpg,37
447,8466601090,Las DOS Muertes De Gardel (Ficcionario),Horacio Vazquez-Rial,2002,Ediciones B,http://images.amazon.com/images/P/8466601090.01.LZZZZZZZ.jpg,75
448,0140382658,You Can Surf the Net: Your Guide to the World of the Internet,Marc Gascoigne,1996,Puffin Books,http://images.amazon.com/images/P/0140382658.01.LZZZZZZZ.jpg,96
449,0152012966,I Want to Be...a Veterinarian (I Want to Be... Series),Stephanie Maze,1997,Harcourt,http://images.amazon.com/images/P/0152012966.01.LZZZZZZZ.jpg,77
450,0312283784,Alice's Tulips,Sandra Dallas,2001,St. Martin's Griffin,http://images.amazon.com/images/P/0312283784.01.LZZZZZZZ.jpg,44
453,0345335465,Dragonflight (Dragonriders of Pern Trilogy (Paperback)),Anne McCaffrey,1991,Del Rey Books,http://images.amazon.com/images/P/0345335465.01.LZZZZZZZ.jpg,24
454,0345416848,Last Sword of Power (Stones of Power),David Gemmell,1997,Del Rey Books,http://images.amazon.com/images/P/0345416848.01.LZZZZZZZ.jpg,74
455,0385333404,Dating Big Bird,Laura Zigman,2000,Dial Books,http://images.amazon.com/images/P/0385333404.01.LZZZZZZZ.jpg,48
456,044021145X,The Firm,John Grisham,1992,Bantam Dell Publishing Group,http://images.amazon.com/images/P/044021145X.01.LZZZZZZZ.jpg,86
457,0449212084,Murder at the Kennedy Center (Capital Crime Mysteries),Margaret Truman,1990,Fawcett Books,http://images.amazon.com/images/P/0449212084.01.LZZZZZZZ.jpg,36
458,0553582682,Guinness World Records 2000 (Guinness Book of Records 2000),Nic Kynaston,2000,Bantam Books,http://images.amazon.com/images/P/0553582682.01.LZZZZZZZ.jpg,43
459,0590947257,Forever Amber Brown (Amber Brown (Paperback)),Paula Danziger,1997,Jump at the Sun,http://images.amazon.com/images/P/0590947257.01.LZZZZZZZ.jpg,69
460,074345829X,Philip Jose Farmer's The Dungeon,Richard A. Lupoff,2003,I Books,http://images.amazon.com/images/P/074345829X.01.LZZZZZZZ.jpg,69
461,0786913878,Pool of Radiance: The Ruins of Myth Drannor (Forgotten Realms),Carrie Bebris,2001,Wizards of the Coast,http://images.amazon.com/images/P/0786913878.01.LZZZZZZZ.jpg,85
466,0866119566,Oliver Twist (Great Illustrated Classics),Charles Dickens,1989,Playmore Inc. Publishers,http://images.amazon.com/images/P/0866119566.01.LZZZZZZZ.jpg,85
469,0553210092,The Scarlet Letter,NATHANIEL HAWTHORNE,1965,Bantam,http://images.amazon.com/images/P/0553210092.01.LZZZZZZZ.jpg,64
470,0553258524,Dragonsong (Harper Hall Trilogy),Anne McCaffrey,1977,Bantam,http://images.amazon.com/images/P/0553258524.01.LZZZZZZZ.jpg,23
471,0688163726,The Watch House,Robert Westall,1998,HarperTrophy,http://images.amazon.com/images/P/0688163726.01.LZZZZZZZ.jpg,100
472,1569471096,Was It Something I Said?,Valerie Block,1998,Soho Press,http://images.amazon.com/images/P/1569471096.01.LZZZZZZZ.jpg,75
473,055358099X,Cloud Nine,Luanne Rice,2000,Bantam Books,http://images.amazon.com/images/P/055358099X.01.LZZZZZZZ.jpg,87
474,0316168815,The Lovely Bones,Alice Sebold,2004,Back Bay Books,http://images.amazon.com/images/P/0316168815.01.LZZZZZZZ.jpg,76
475,014023828X,The Tortilla Curtain,T. Coraghessan Boyle,1996,Penguin Books,http://images.amazon.com/images/P/014023828X.01.LZZZZZZZ.jpg,68
476,0316314927,Sarah Conley,Ellen Gilchrist,1998,Back Bay Books,http://images.amazon.com/images/P/0316314927.01.LZZZZZZZ.jpg,38
477,0345424719,A Widow for One Year,JOHN IRVING,1999,Ballantine Books,http://images.amazon.com/images/P/0345424719.01.LZZZZZZZ.jpg,70
478,0375414746,The Clearing,TIM GAUTREAUX,2003,Knopf,http://images.amazon.com/images/P/0375414746.01.LZZZZZZZ.jpg,20
479,0375726403,Empire Falls,Richard Russo,2002,Vintage Books USA,http://images.amazon.com/images/P/0375726403.01.LZZZZZZZ.jpg,95
480,0385503857,Oryx and Crake,Margaret Atwood,2003,Nan A. Talese,http://images.amazon.com/images/P/0385503857.01.LZZZZZZZ.jpg,45
481,0425156842,Sophie's World: A Novel About the History of Philosophy (Berkeley Signature Edition),Jostein Gaarder,1997,Berkley Publishing Group,http://images.amazon.com/images/P/0425156842.01.LZZZZZZZ.jpg,92
482,0440226104,Black and Blue,ANNA QUINDLEN,1999,Dell,http://images.amazon.com/images/P/0440226104.01.LZZZZZZZ.jpg,67
483,0452277337,Le Divorce (William Abrahams Book),Diane Johnson,1997,Plume Books,http://images.amazon.com/images/P/0452277337.01.LZZZZZZZ.jpg,20
484,0553802488,The Face,DEAN KOONTZ,2003,Bantam,http://images.amazon.com/images/P/0553802488.01.LZZZZZZZ.jpg,26
485,0671021001,She's Come Undone (Oprah's Book Club),Wally Lamb,1998,Pocket,http://images.amazon.com/images/P/0671021001.01.LZZZZZZZ.jpg,86
486,0767903579,Falling Leaves: The True Story of an Unwanted Chinese Daughter,Adeline Yen Mah,1999,Broadway Books,http://images.amazon.com/images/P/0767903579.01.LZZZZZZZ.jpg,56
487,0805063897,Nickel and Dimed: On (Not) Getting By in America,Barbara Ehrenreich,2002,Owl Books,http://images.amazon.com/images/P/0805063897.01.LZZZZZZZ.jpg,34
488,0679777431,The Game of Kings (Lymond Chronicles 1),DOROTHY DUNNETT,1997,Vintage,http://images.amazon.com/images/P/0679777431.01.LZZZZZZZ.jpg,58
490,0486285529,Solv-A-Crime Puzzles (Dover Game and Puzzle Activity Books),A. C. Gordon,1995,Dover Publications,http://images.amazon.com/images/P/0486285529.01.LZZZZZZZ.jpg,25
491,0671002481,The First Wives Club Movie Tie In,Olivia Goldsmith,1996,Pocket,http://images.amazon.com/images/P/0671002481.01.LZZZZZZZ.jpg,23
492,0812523385,Selected Poems of Emily Dickinson,Emily Dickinson,1995,Tor Books,http://images.amazon.com/images/P/0812523385.01.LZZZZZZZ.jpg,21
493,0895774666,Watercolor School (Reader's Digest Learn-As-You-Go Guides),Hazel Harrison,1993,Readers Digest,http://images.amazon.com/images/P/0895774666.01.LZZZZZZZ.jpg,55
495,0385495145,The Messenger,JOSEPH GIRZONE,2002,Image,http://images.amazon.com/images/P/0385495145.01.LZZZZZZZ.jpg,20
496,0679733825,Sisters of the Earth: Women's Prose and Poetry About Nature,Lorraine Anderson,1991,Vintage Books USA,http://images.amazon.com/images/P/0679733825.01.LZZZZZZZ.jpg,77
497,0842329129,Left Behind: A Novel of the Earth's Last Days (Left Behind No. 1),Tim Lahaye,1996,Tyndale House Publishers,http://images.amazon.com/images/P/0842329129.01.LZZZZZZZ.jpg,24
498,0345451260,Househusband,AD HUDLER,2002,Ballantine Books,http://images.amazon.com/images/P/0345451260.01.LZZZZZZZ.jpg,97
499,0740700235,Life Messages: Inspiration For The Woman's Spirit,Josephine Carlton,2002,Andrews McMeel Publishing,http://images.amazon.com/images/P/0740700235.01.LZZZZZZZ.jpg,48
500,0380973545,Letters from a Nut,Ted L. Nancy,1999,William Morrow,http://images.amazon.com/images/P/0380973545.01.LZZZZZZZ.jpg,34
501,0393321576,Karl Marx: A Life,Francis Wheen,2001,W.W. Norton &amp; Company,http://images.amazon.com/images/P/0393321576.01.LZZZZZZZ.jpg,99
502,0743424425,The Shining,Stephen King,2001,Pocket,http://images.amazon.com/images/P/0743424425.01.LZZZZZZZ.jpg,33
503,0786868015,The Diary of Ellen Rimbauer: My Life at Rose Red,Joyce Reardon,2001,Hyperion,http://images.amazon.com/images/P/0786868015.01.LZZZZZZZ.jpg,95
504,0446610178,The Sky Is Falling,Sidney Sheldon,2001,Warner Books,http://images.amazon.com/images/P/0446610178.01.LZZZZZZZ.jpg,64
505,0684854953,Santa Pete : A Novel Of Christmas Present And Past,Christopher Moore,1998,Simon &amp; Schuster,http://images.amazon.com/images/P/0684854953.01.LZZZZZZZ.jpg,21
506,0743229878,Mount Vernon Love Story : A Novel of George and Martha Washington,Mary Higgins Clark,2002,Simon &amp; Schuster,http://images.amazon.com/images/P/0743229878.01.LZZZZZZZ.jpg,20
508,0380732335,Florida Road Kill: A Novel,Tim Dorsey,2000,HarperTorch,http://images.amazon.com/images/P/0380732335.01.LZZZZZZZ.jpg,100
509,0385337132,The 37th Hour,JODI COMPTON,2003,Delacorte Press,http://images.amazon.com/images/P/0385337132.01.LZZZZZZZ.jpg,95
510,0440235057,Be Cool,Elmore Leonard,2000,Dell Publishing Company,http://images.amazon.com/images/P/0440235057.01.LZZZZZZZ.jpg,67
512,0618119760,The Saints of Big Harbour: A Novel,Lynn Coady,2002,Houghton Mifflin Company,http://images.amazon.com/images/P/0618119760.01.LZZZZZZZ.jpg,91
513,0871138646,Old Flames,John Lawton,2003,Atlantic Monthly Press,http://images.amazon.com/images/P/0871138646.01.LZZZZZZZ.jpg,47
514,0026329859,From the Earth: Chinese Vegetarian Cooking,Eileen Yin-Fei Lo,1995,MacMillan Publishing Company.,http://images.amazon.com/images/P/0026329859.01.LZZZZZZZ.jpg,96
516,0060915544,The Bean Trees,Barbara Kingsolver,1989,Perennial,http://images.amazon.com/images/P/0060915544.01.LZZZZZZZ.jpg,28
517,0060917016,Homeland and Other Stories,Barbara Kingsolver,1990,Perennial,http://images.amazon.com/images/P/0060917016.01.LZZZZZZZ.jpg,97
518,0060925000,A Suitable Boy : Novel A,Vikram Seth,1994,Perennial,http://images.amazon.com/images/P/0060925000.01.LZZZZZZZ.jpg,61
519,0060932759,Daughter of Fortune,Isabel Allende,2000,Perennial,http://images.amazon.com/images/P/0060932759.01.LZZZZZZZ.jpg,68
520,0061000280,The Fly on the Wall,Tony Hillerman,1990,HarperTorch,http://images.amazon.com/images/P/0061000280.01.LZZZZZZZ.jpg,63
521,0192815318,Cranford (The World's Classics),Elizabeth Gaskell,1982,Oxford University Press,http://images.amazon.com/images/P/0192815318.01.LZZZZZZZ.jpg,20
522,0312195516,The Red Tent (Bestselling Backlist),Anita Diamant,1998,Picador USA,http://images.amazon.com/images/P/0312195516.01.LZZZZZZZ.jpg,43
523,0380792664,The Right Hand of Amon,Lauren Haney,1997,Avon,http://images.amazon.com/images/P/0380792664.01.LZZZZZZZ.jpg,46
524,0393048977,Last Blue: Poems,Gerald Stern,2000,W.W. Norton &amp; Company,http://images.amazon.com/images/P/0393048977.01.LZZZZZZZ.jpg,69
526,039914739X,Isle of Dogs,Patricia Daniels Cornwell,2001,Putnam Publishing Group,http://images.amazon.com/images/P/039914739X.01.LZZZZZZZ.jpg,74
527,0451203046,Light a Penny Candle,Maeve Binchy,2001,Signet Book,http://images.amazon.com/images/P/0451203046.01.LZZZZZZZ.jpg,23
528,0451410556,The Blue Last: A Richard Jury Mystery (Richard Jury Mysteries (Paperback)),Martha Grimes,2002,Onyx Books,http://images.amazon.com/images/P/0451410556.01.LZZZZZZZ.jpg,84
530,0486281965,The Country of the Pointed Firs (Dover Thrift Editions),Sarah Orne Jewett,1994,Dover Publications,http://images.amazon.com/images/P/0486281965.01.LZZZZZZZ.jpg,65
531,0486292940,Early Poems (Dover Thrift Editions),William Carlos Williams,1997,Dover Publications,http://images.amazon.com/images/P/0486292940.01.LZZZZZZZ.jpg,31
533,0684824442,REEF,Edith Wharton,1996,Scribner,http://images.amazon.com/images/P/0684824442.01.LZZZZZZZ.jpg,60
534,0743458303,Wednesday the Rabbi Got Wet,Harry Kemelman,2003,I Books,http://images.amazon.com/images/P/0743458303.01.LZZZZZZZ.jpg,94
535,081296666X,Things My Girlfriend and I Have Argued About: A Novel,Mil Millington,2003,Villard Books,http://images.amazon.com/images/P/081296666X.01.LZZZZZZZ.jpg,95
536,0819215635,Listening Hearts: Discerning Call in Community,Suzanne G. Farnham,1991,Morehouse Group,http://images.amazon.com/images/P/0819215635.01.LZZZZZZZ.jpg,59
537,0880011025,Unattainable Earth,Czeslaw Milosz,1987,Ecco Press,http://images.amazon.com/images/P/0880011025.01.LZZZZZZZ.jpg,74
538,1561011525,The Practice of Prayer (New Church's Teaching Series Vol 4),Margaret Guenther,1998,Cowley Publications,http://images.amazon.com/images/P/1561011525.01.LZZZZZZZ.jpg,56
539,1877727083,Vertical Poetry: Recent Poems,Roberto Juarroz,1992,White Pine Press (NY),http://images.amazon.com/images/P/1877727083.01.LZZZZZZZ.jpg,22
540,0486206173,Rubinstein's Chess Masterpieces,Akiba Rubinstein,1941,Dover Publications,http://images.amazon.com/images/P/0486206173.01.LZZZZZZZ.jpg,89
541,0312278586,The Nanny Diaries: A Novel,Emma McLaughlin,2002,St. Martin's Press,http://images.amazon.com/images/P/0312278586.01.LZZZZZZZ.jpg,27
542,8845229041,Biblioteca Universale Rizzoli: Sulla Sponda Del Fiume Piedra,P Coelho,0,Fabbri - RCS Libri,http://images.amazon.com/images/P/8845229041.01.LZZZZZZZ.jpg,75
543,887641486X,I Giorni Dell'abbandono,Elena Ferrante,2002,Edizioni E/O,http://images.amazon.com/images/P/887641486X.01.LZZZZZZZ.jpg,70
544,0140370900,The Gizmo,Paul Jennings,1995,Puffin,http://images.amazon.com/images/P/0140370900.01.LZZZZZZZ.jpg,67
547,0312965745,Secrets of St. John's Wort: A Lynn Sonberg Book,Larry Katzenstein,1998,St. Martin's Press,http://images.amazon.com/images/P/0312965745.01.LZZZZZZZ.jpg,26
548,0345374657,Diet for a Poisoned Planet: How to Choose Safe Foods for You and Your Family,David Steinman,1992,Ballantine Books,http://images.amazon.com/images/P/0345374657.01.LZZZZZZZ.jpg,63
549,0395710901,Punished by Rewards: The Trouble With Gold Stars Incentive Plans A'S Praise and Other Bribes,Alfie Kohn,1995,Houghton Mifflin,http://images.amazon.com/images/P/0395710901.01.LZZZZZZZ.jpg,28
550,080521061X,Montessori Today: A Comprehensive Approach to Education from Birth to Adulthood,Paula Polk Lillard,1996,Schocken Books,http://images.amazon.com/images/P/080521061X.01.LZZZZZZZ.jpg,55
551,0823032612,Oil Painting Techniques (Artist's Painting Library),David Lewis,1983,Watson-Guptill Publications,http://images.amazon.com/images/P/0823032612.01.LZZZZZZZ.jpg,43
552,0679310002,Going down swinging,Billie Livingston,1999,Random House Canada,http://images.amazon.com/images/P/0679310002.01.LZZZZZZZ.jpg,86
553,0312288115,Confessions of a Sociopathic Social Climber : The Katya Livingston Chronicles (Katya Livingston Chronicles (Hardcover)),Adele Lang,2002,Thomas Dunne Books,http://images.amazon.com/images/P/0312288115.01.LZZZZZZZ.jpg,85
554,0316171107,Like a Hole in the Head,Jen Banbury,1998,Little Brown &amp; Co,http://images.amazon.com/images/P/0316171107.01.LZZZZZZZ.jpg,50
555,0380710218,Postmortem,Patricia Daniels Cornwell,1993,Harper Mass Market Paperbacks (Mm),http://images.amazon.com/images/P/0380710218.01.LZZZZZZZ.jpg,34
556,0515118656,The Cove,Catherine Coulter,1996,Jove Books,http://images.amazon.com/images/P/0515118656.01.LZZZZZZZ.jpg,23
558,0671000306,Shock Wave (Dirk Pitt Adventures (Paperback)),Clive Cussler,1996,Pocket,http://images.amazon.com/images/P/0671000306.01.LZZZZZZZ.jpg,62
559,0671673688,While My Pretty One Sleeps,Mary Higgins Clark,1990,Pocket,http://images.amazon.com/images/P/0671673688.01.LZZZZZZZ.jpg,52
561,0425178242,Kick Ass: Selected Columns of Carl Hiaasen,Carl Hiaasen,2001,Berkley Publishing Group,http://images.amazon.com/images/P/0425178242.01.LZZZZZZZ.jpg,32
562,0618173870,Everything Is Illuminated: A Novel,Jonathan Safran Foer,2002,Houghton Mifflin Company,http://images.amazon.com/images/P/0618173870.01.LZZZZZZZ.jpg,55
563,0156027321,Life of Pi,Yann Martel,2003,Harvest Books,http://images.amazon.com/images/P/0156027321.01.LZZZZZZZ.jpg,74
564,0375403582,Rules of the Wild,Francesca Marciano,1998,Random House Inc,http://images.amazon.com/images/P/0375403582.01.LZZZZZZZ.jpg,67
565,0385721420,Three Junes,JULIA GLASS,2003,Anchor,http://images.amazon.com/images/P/0385721420.01.LZZZZZZZ.jpg,66
566,0451202341,Back Roads,Tawni O'Dell,2001,Signet Book,http://images.amazon.com/images/P/0451202341.01.LZZZZZZZ.jpg,63
567,0743418190,In Her Shoes : A Novel,Jennifer Weiner,2002,Atria Books,http://images.amazon.com/images/P/0743418190.01.LZZZZZZZ.jpg,81
568,0385335407,The Kiss,Danielle Steel,2001,Delacorte Press,http://images.amazon.com/images/P/0385335407.01.LZZZZZZZ.jpg,62
569,0965746828,Home Spun: A Collection,Leon Hale,1997,Winedale Publishing,http://images.amazon.com/images/P/0965746828.01.LZZZZZZZ.jpg,42
570,0060923245,Sweet Hereafter Movie Tie-In : A Novel,Russell Banks,1992,Perennial,http://images.amazon.com/images/P/0060923245.01.LZZZZZZZ.jpg,78
571,0486272664,The Rime of the Ancient Mariner and Other Poems,Samuel Taylor Coleridge,1992,Dover Publications,http://images.amazon.com/images/P/0486272664.01.LZZZZZZZ.jpg,60
572,0786015276,11th Hour,Bradley Warshauer,2003,Pinnacle Books,http://images.amazon.com/images/P/0786015276.01.LZZZZZZZ.jpg,36
573,0060913509,In Country RI,Bobbie Ann Mason,1986,Perennial,http://images.amazon.com/images/P/0060913509.01.LZZZZZZZ.jpg,58
574,0553272837,Brazen Virtue,Nora Roberts,1996,Bantam Books,http://images.amazon.com/images/P/0553272837.01.LZZZZZZZ.jpg,29
575,0440225078,Ghost Moon,Karen Robards,2001,Dell Publishing Company,http://images.amazon.com/images/P/0440225078.01.LZZZZZZZ.jpg,81
576,0312145543,Brewing Up a Storm: A John Thatcher Mystery,Emma Lathen,1996,St Martins Pr,http://images.amazon.com/images/P/0312145543.01.LZZZZZZZ.jpg,52
577,0425181111,Strangers,Dean R. Koontz,2002,Berkley Publishing Group,http://images.amazon.com/images/P/0425181111.01.LZZZZZZZ.jpg,87
578,0380732688,Milk and Honey (Peter Decker/Rina Lazarus Novels),Faye Kellerman,2002,Avon,http://images.amazon.com/images/P/0380732688.01.LZZZZZZZ.jpg,64
579,0140286276,The Deep End of the Ocean (Oprah's Book Club),Jacquelyn Mitchard,1999,Penguin Books,http://images.amazon.com/images/P/0140286276.01.LZZZZZZZ.jpg,34
580,0373484100,Night Tales,Nora Roberts,2000,Silhouette,http://images.amazon.com/images/P/0373484100.01.LZZZZZZZ.jpg,41
581,0449907481,A Thousand Acres (Ballantine Reader's Circle),JANE SMILEY,1992,Ballantine Books,http://images.amazon.com/images/P/0449907481.01.LZZZZZZZ.jpg,45
582,0553107305,Chopping Spree,DIANE MOTT DAVIDSON,2002,Bantam,http://images.amazon.com/images/P/0553107305.01.LZZZZZZZ.jpg,45
583,080213825X,Four Blondes,Candace Bushnell,2001,Grove Press,http://images.amazon.com/images/P/080213825X.01.LZZZZZZZ.jpg,29
584,0515127833,River's End,Nora Roberts,2003,Jove Books,http://images.amazon.com/images/P/0515127833.01.LZZZZZZZ.jpg,37
585,0345441133,Summer Island,KRISTIN HANNAH,2002,Ballantine Books,http://images.amazon.com/images/P/0345441133.01.LZZZZZZZ.jpg,88
586,0515134279,The Straw Men,Michael Marshall,2002,Jove Books,http://images.amazon.com/images/P/0515134279.01.LZZZZZZZ.jpg,56
588,0385490992,The Street Lawyer,John Grisham,1998,Doubleday Books,http://images.amazon.com/images/P/0385490992.01.LZZZZZZZ.jpg,42
589,0385424728,The Chamber,John Grisham,1994,Doubleday Books,http://images.amazon.com/images/P/0385424728.01.LZZZZZZZ.jpg,49
590,0312980388,Warlock : A Novel of Ancient Egypt,Wilbur Smith,2002,St. Martin's Paperbacks,http://images.amazon.com/images/P/0312980388.01.LZZZZZZZ.jpg,74
591,0590419625,The Teacher from the Black Lagoon,Mike Thaler,1989,Scholastic,http://images.amazon.com/images/P/0590419625.01.LZZZZZZZ.jpg,41
592,0385472951,The Partner,John Grisham,1997,Doubleday Books,http://images.amazon.com/images/P/0385472951.01.LZZZZZZZ.jpg,46
593,0451195663,Primal Scream,Michael Slade,1998,Signet Book,http://images.amazon.com/images/P/0451195663.01.LZZZZZZZ.jpg,89
594,0425182878,Chosen Prey,John Sandford,2004,Berkley Publishing Group,http://images.amazon.com/images/P/0425182878.01.LZZZZZZZ.jpg,88
595,0553564528,Guilty as Sin,TAMI HOAG,1997,Bantam,http://images.amazon.com/images/P/0553564528.01.LZZZZZZZ.jpg,96
596,055356451X,Night Sins,TAMI HOAG,1995,Bantam,http://images.amazon.com/images/P/055356451X.01.LZZZZZZZ.jpg,54
597,0743412621,The Second Time Around : A Novel,Mary Higgins Clark,2004,Pocket,http://images.amazon.com/images/P/0743412621.01.LZZZZZZZ.jpg,95
598,0849943728,Three,Ted Dekker,2003,WestBow Press,http://images.amazon.com/images/P/0849943728.01.LZZZZZZZ.jpg,82
599,0849943450,The Canopy,Angela Elwell Hunt,2003,WestBow Press,http://images.amazon.com/images/P/0849943450.01.LZZZZZZZ.jpg,85
600,084994371X,Blink,Ted Dekker,2003,WestBow Press,http://images.amazon.com/images/P/084994371X.01.LZZZZZZZ.jpg,33
603,0553225987,Robert's Rules of Order,William Eisner,1986,Bantam Books,http://images.amazon.com/images/P/0553225987.01.LZZZZZZZ.jpg,93
604,042517736X,Abduction,Robin Cook,2000,Berkley Publishing Group,http://images.amazon.com/images/P/042517736X.01.LZZZZZZZ.jpg,94
605,0671868713,And Never Let Her Go : Thomas Capano: The Deadly Seducer,Ann Rule,2000,Pocket,http://images.amazon.com/images/P/0671868713.01.LZZZZZZZ.jpg,27
606,038549825X,Not a Day Goes By : A Novel,E. LYNN HARRIS,2001,Anchor,http://images.amazon.com/images/P/038549825X.01.LZZZZZZZ.jpg,49
608,0345313860,The Vampire Lestat (Vampire Chronicles Book II),ANNE RICE,1986,Ballantine Books,http://images.amazon.com/images/P/0345313860.01.LZZZZZZZ.jpg,31
609,0345369947,The Mummy or Ramses the Damned,Anne Rice,1991,Ballantine Books,http://images.amazon.com/images/P/0345369947.01.LZZZZZZZ.jpg,81
610,067170124X,HIS LITTLE WOMEN : HIS LITTLE WOMEN,Judith Rossner,1991,Pocket,http://images.amazon.com/images/P/067170124X.01.LZZZZZZZ.jpg,80
611,0345353625,Her Mother's Daughter,Marilyn French,1990,Ballantine Books,http://images.amazon.com/images/P/0345353625.01.LZZZZZZZ.jpg,99
613,006017143X,The Night Listener,Armistead Maupin,2000,HarperCollins Publishers,http://images.amazon.com/images/P/006017143X.01.LZZZZZZZ.jpg,81
614,0805056491,Organizing from the Inside Out,Julie Morgenstern,1998,Henry Holt &amp; Company,http://images.amazon.com/images/P/0805056491.01.LZZZZZZZ.jpg,47
615,0679401377,The Hellfire Club,Peter Straub,1996,Random House Inc,http://images.amazon.com/images/P/0679401377.01.LZZZZZZZ.jpg,23
616,1562827049,The Diary of Jack the Ripper/the Discovery the Investigation the Debate,Jack,1993,Hyperion Books,http://images.amazon.com/images/P/1562827049.01.LZZZZZZZ.jpg,57
617,0385306032,Vanished,Danielle Steel,1993,Delacorte Press,http://images.amazon.com/images/P/0385306032.01.LZZZZZZZ.jpg,79
619,0821772953,The Morning After,Lisa Jackson,2004,Zebra Books,http://images.amazon.com/images/P/0821772953.01.LZZZZZZZ.jpg,62
620,0345379454,Missing Susan,SHARYN MCCRUMB,1992,Ballantine Books,http://images.amazon.com/images/P/0345379454.01.LZZZZZZZ.jpg,21
621,0553576925,Hiding in the Shadows (Shadows Trilogy (Paperback)),Kay Hooper,2000,Bantam Books,http://images.amazon.com/images/P/0553576925.01.LZZZZZZZ.jpg,75
622,0743206053,Kitchen Privileges : A Memoir,Mary Higgins Clark,2002,Simon &amp; Schuster,http://images.amazon.com/images/P/0743206053.01.LZZZZZZZ.jpg,33
623,0688169678,We Are Our Mothers' Daughters,Cokie Roberts,2000,Perennial,http://images.amazon.com/images/P/0688169678.01.LZZZZZZZ.jpg,91
624,0439319552,Horus's Horrible Day (First Graders from Mars),Shana Corey,2001,Scholastic,http://images.amazon.com/images/P/0439319552.01.LZZZZZZZ.jpg,33
626,0307001164,101 Dalmatians,Justine Korman,1996,Golden Books Publishing Company,http://images.amazon.com/images/P/0307001164.01.LZZZZZZZ.jpg,72
627,0440441501,In the Dinosaur's Paw (Kids of the Polk Street School),PATRICIA REILLY GIFF,1987,Yearling,http://images.amazon.com/images/P/0440441501.01.LZZZZZZZ.jpg,20
629,0439061644,The First Journey (Animorphs. Alternamorphs 1),K. A. Applegate,1999,Apple Signature (Scholastic),http://images.amazon.com/images/P/0439061644.01.LZZZZZZZ.jpg,32
630,0439569842,How Do Dinosaurs Learn to Read,Jane Yolen,2003,"Scholastic Inc.",http://images.amazon.com/images/P/0439569842.01.LZZZZZZZ.jpg,42
636,0812519655,Sacred Ground,Mercedes Lackey,1995,Tor Books,http://images.amazon.com/images/P/0812519655.01.LZZZZZZZ.jpg,44
637,0812524853,Burning Water (Burning Water),Mercedes Lackey,1992,Tor Books,http://images.amazon.com/images/P/0812524853.01.LZZZZZZZ.jpg,44
638,0449211770,The Tightrope Walker,Dorothy Gilman,1997,Fawcett Books,http://images.amazon.com/images/P/0449211770.01.LZZZZZZZ.jpg,26
639,193072229X,MoveOn's 50 Ways to Love Your Country: How to Find Your Political Voice and Become a Catalyst for Change,Moveon,2004,Inner Ocean Publishing,http://images.amazon.com/images/P/193072229X.01.LZZZZZZZ.jpg,23
642,1400077826,Cold Mountain (MTI) (Vintage Contemporaries),CHARLES FRAZIER,2003,Vintage,http://images.amazon.com/images/P/1400077826.01.LZZZZZZZ.jpg,48
643,0312995431,A Fountain Filled With Blood (A Rev. Clare Ferguson Mystery),Julia Spencer-Fleming,2004,St. Martin's Paperbacks,http://images.amazon.com/images/P/0312995431.01.LZZZZZZZ.jpg,39
644,0312312628,Out of the Deep I Cry : A Clare Fergusson/Russ Van Alstyne Mystery,Julia Spencer-Fleming,2004,St. Martin's Minotaur,http://images.amazon.com/images/P/0312312628.01.LZZZZZZZ.jpg,75
645,0446394521,Daisy Fay and the Miracle Man,Fannie Flagg,1992,Warner Books,http://images.amazon.com/images/P/0446394521.01.LZZZZZZZ.jpg,65
647,068484267X,Angela's Ashes: A Memoir,Frank McCourt,1999,Scribner,http://images.amazon.com/images/P/068484267X.01.LZZZZZZZ.jpg,48
648,0553578693,The Next Accident,LISA GARDNER,2002,Bantam,http://images.amazon.com/images/P/0553578693.01.LZZZZZZZ.jpg,93
649,0380709260,Socks (Cleary Reissue),Beverly Cleary,1990,HarperTrophy,http://images.amazon.com/images/P/0380709260.01.LZZZZZZZ.jpg,23
650,0807565288,The Pet Shop Mystery (Boxcar Children Special (Paper) No 7),Gertrude Chandler Warner,1996,Albert Whitman &amp; Company,http://images.amazon.com/images/P/0807565288.01.LZZZZZZZ.jpg,75
651,0312986769,In the Bleak Midwinter (A Rev. Clare Ferguson Mystery),Julia Spencer-Fleming,2003,St. Martin's Minotaur,http://images.amazon.com/images/P/0312986769.01.LZZZZZZZ.jpg,95
652,0345413377,The Amber Spyglass (His Dark Materials Book 3),PHILIP PULLMAN,2001,Del Rey,http://images.amazon.com/images/P/0345413377.01.LZZZZZZZ.jpg,31
654,0679893105,The Golden Compass (His Dark Materials Book 1),PHILIP PULLMAN,1998,Knopf Books for Young Readers,http://images.amazon.com/images/P/0679893105.01.LZZZZZZZ.jpg,50
655,0061096091,Eyeshot,Lynn S. Hightower,1997,Harper Mass Market Paperbacks (Mm),http://images.amazon.com/images/P/0061096091.01.LZZZZZZZ.jpg,56
656,0345369068,If Ever I Return Pretty Peggy-O,Sharyn McCrumb,1991,Fawcett Books,http://images.amazon.com/images/P/0345369068.01.LZZZZZZZ.jpg,30
657,0451184718,The Rosewood Casket,Sharyn McCrumb,1997,Signet Book,http://images.amazon.com/images/P/0451184718.01.LZZZZZZZ.jpg,64
658,0449209121,The Amazing Mrs. Pollifax,Dorothy Gilman,1992,Fawcett Books,http://images.amazon.com/images/P/0449209121.01.LZZZZZZZ.jpg,96
659,0060938455,Fast Food Nation: The Dark Side of the All-American Meal,Eric Schlosser,2002,Perennial,http://images.amazon.com/images/P/0060938455.01.LZZZZZZZ.jpg,84
660,080411952X,The Unsung Hero,Suzanne Brockmann,2000,Ivy Books,http://images.amazon.com/images/P/080411952X.01.LZZZZZZZ.jpg,48
661,0060575808,Two Princesses of Bamarre The,Gail Carson Levine,2004,Eos,http://images.amazon.com/images/P/0060575808.01.LZZZZZZZ.jpg,88
662,0060558865,Ella Enchanted (rack),Gail Carson Levine,2004,Avon,http://images.amazon.com/images/P/0060558865.01.LZZZZZZZ.jpg,86
663,0767912918,Passing for Thin : Losing Half My Weight and Finding My Self,FRANCES KUFFEL,2004,Broadway,http://images.amazon.com/images/P/0767912918.01.LZZZZZZZ.jpg,24
664,0553298860,Bloodlines (Dog Lover's Mysteries),Susan Conant,1994,Bantam Books,http://images.amazon.com/images/P/0553298860.01.LZZZZZZZ.jpg,84
665,0385335679,Kissing in Manhattan,DAVID SCHICKLER,2002,Delta,http://images.amazon.com/images/P/0385335679.01.LZZZZZZZ.jpg,61
666,0440122090,Echoes,Maeve Binchy,1989,Dell,http://images.amazon.com/images/P/0440122090.01.LZZZZZZZ.jpg,32
667,0671525832,Someone to Watch Over Me : A Novel,Judith McNaught,2003,Pocket,http://images.amazon.com/images/P/0671525832.01.LZZZZZZZ.jpg,71
670,0060930187,The Bell Jar : A Novel (Perennial Classics),Sylvia Plath,2000,Perennial,http://images.amazon.com/images/P/0060930187.01.LZZZZZZZ.jpg,61
672,0679450432,Dark Lady,Richard North Patterson,1999,Alfred A. Knopf,http://images.amazon.com/images/P/0679450432.01.LZZZZZZZ.jpg,50
673,0821775863,The Future Scrolls,Fern Michaels,2003,Zebra Books,http://images.amazon.com/images/P/0821775863.01.LZZZZZZZ.jpg,62
674,0821770209,About Face,Fern Michaels,2003,Zebra Books,http://images.amazon.com/images/P/0821770209.01.LZZZZZZZ.jpg,47
675,0670855758,Tarot Says Beware (A Herculeah Jones Mystery),Betsy Byars,1995,Viking Books,http://images.amazon.com/images/P/0670855758.01.LZZZZZZZ.jpg,55
676,0553562819,Globalhead,Bruce Sterling,1994,Spectra Books,http://images.amazon.com/images/P/0553562819.01.LZZZZZZZ.jpg,50
677,0446364193,Along Came a Spider (Alex Cross Novels),James Patterson,1993,Warner Books,http://images.amazon.com/images/P/0446364193.01.LZZZZZZZ.jpg,53
678,0446519138,Simple Abundance:  A Daybook of Comfort and Joy,Sarah Ban Breathnach,1995,Warner Books,http://images.amazon.com/images/P/0446519138.01.LZZZZZZZ.jpg,30
679,0425179672,The River King,Alice Hoffman,2001,Berkley Publishing Group,http://images.amazon.com/images/P/0425179672.01.LZZZZZZZ.jpg,91
680,0061042943,Final Appeal,Lisa Scottoline,1994,HarperTorch,http://images.amazon.com/images/P/0061042943.01.LZZZZZZZ.jpg,92
681,0399144463,Who Moved My Cheese? An Amazing Way to Deal with Change in Your Work and in Your Life,Spencer Johnson,1998,Putnam Pub Group (Paper),http://images.amazon.com/images/P/0399144463.01.LZZZZZZZ.jpg,35
684,0060930705,Someone to Watch Over Me : Stories,Richard Bausch,2000,Perennial,http://images.amazon.com/images/P/0060930705.01.LZZZZZZZ.jpg,69
685,0312206763,Stately Pursuits,Katie Fforde,1999,Griffin Trade Paperback,http://images.amazon.com/images/P/0312206763.01.LZZZZZZZ.jpg,52
686,0316116025,The Pinball Effect: How Renaissance Water Gardens Made the Carburetor Possible-And Other Journeys Through Knowledge (Pinball Effect),James Burke,1996,Little Brown &amp; Co,http://images.amazon.com/images/P/0316116025.01.LZZZZZZZ.jpg,97
687,0156013967,My Father Dancing (Harvest Book),Bliss Broyard,2000,Harvest Books,http://images.amazon.com/images/P/0156013967.01.LZZZZZZZ.jpg,56
688,0385314019,Women on the Case,Sara Paretsky,1996,Bantam Dell Pub Group,http://images.amazon.com/images/P/0385314019.01.LZZZZZZZ.jpg,85
689,0743444167,New Cardiff,Charles Webb,2002,Washington Square Press,http://images.amazon.com/images/P/0743444167.01.LZZZZZZZ.jpg,49
690,0618231617,Almost: A Novel,Elizabeth Benedict,2002,Mariner Books,http://images.amazon.com/images/P/0618231617.01.LZZZZZZZ.jpg,67
691,1567920047,A Tally of Types: With Additions by Several Hands ; And With a New Introduction by Mike Parker,Stanley Morison,1999,David R. Godine Publisher,http://images.amazon.com/images/P/1567920047.01.LZZZZZZZ.jpg,69
692,0811203220,Stand Still Like the Hummingbird,Henry Miller,1962,New Directions Publishing Corporation,http://images.amazon.com/images/P/0811203220.01.LZZZZZZZ.jpg,62
693,1573229148,Crossing the Unknown Sea: Work As a Pilgrimage of Identity,David Whyte,2002,Riverhead Books,http://images.amazon.com/images/P/1573229148.01.LZZZZZZZ.jpg,52
694,0787955671,The Future of Leadership: Today's Top Leadership Thinkers Speak to Tomorrow's Leaders,Warren  Bennis,2001,Jossey-Bass,http://images.amazon.com/images/P/0787955671.01.LZZZZZZZ.jpg,62
695,0425174484,Expecting Adam: A True Story of Birth Rebirth and Everyday Magic,Martha Beck,2000,Berkley Publishing Group,http://images.amazon.com/images/P/0425174484.01.LZZZZZZZ.jpg,90
696,0385496907,No Future Without Forgiveness,Desmond Mpilo Tutu,2000,Image,http://images.amazon.com/images/P/0385496907.01.LZZZZZZZ.jpg,65
697,0446523992,A Call to Conscience : The Landmark Speeches of Dr. Martin Luther King Jr.,Kris Shepard,2001,Warner Books,http://images.amazon.com/images/P/0446523992.01.LZZZZZZZ.jpg,84
698,0140185216,On the Road (Penguin 20th Century Classics),Jack Kerouac,1998,Penguin USA (Paper),http://images.amazon.com/images/P/0140185216.01.LZZZZZZZ.jpg,73
